run_name,pattern,rate,seed,model,variable,status,alpha,target_coverage,qhat,interval_width,test_coverage,test_mae,n_val,n_test
itransformer_era5_long_r40_s42,long,0.4,42,itransformer_era5,T,ok,0.1,0.9,0.3257526755332947,0.6515053510665894,0.890129029750824,0.1552717387676239,42969,44170
itransformer_era5_long_r40_s42,long,0.4,42,itransformer_era5,RH,ok,0.1,0.9,1.141487717628479,2.282975435256958,0.8628705143928528,0.6298850774765015,49430,49085
itransformer_era5_long_r40_s42,long,0.4,42,itransformer_era5,wspd,ok,0.1,0.9,0.8170340061187744,1.6340680122375488,0.9292556643486023,0.34967470169067383,25173,21401
itransformer_era5_long_r40_s42,long,0.4,42,itransformer_era5,P,ok,0.1,0.9,0.10938668251037598,0.21877336502075195,0.9140471816062927,0.04964841529726982,51005,50551
itransformer_era5_long_r40_s42,long,0.4,42,itransformer_era5,q,ok,0.1,0.9,0.5886931419372559,1.1773862838745117,0.8935370445251465,0.24922499060630798,40679,40972
itransformer_era5_long_r40_s42,long,0.4,42,itransformer_era5,all,ok,0.1,0.9,0.7341092824935913,1.4682185649871826,0.8905029296875,0.28121522068977356,209256,206179
itransformer_era5_long_r40_s43,long,0.4,43,itransformer_era5,T,ok,0.1,0.9,0.3267053961753845,0.653410792350769,0.8890997767448425,0.156806081533432,42972,43733
itransformer_era5_long_r40_s43,long,0.4,43,itransformer_era5,RH,ok,0.1,0.9,1.1414798498153687,2.2829596996307373,0.8621172308921814,0.6268370151519775,49961,49281
itransformer_era5_long_r40_s43,long,0.4,43,itransformer_era5,wspd,ok,0.1,0.9,0.8536450862884521,1.7072901725769043,0.9285714030265808,0.34599581360816956,24756,21266
itransformer_era5_long_r40_s43,long,0.4,43,itransformer_era5,P,ok,0.1,0.9,0.11806941032409668,0.23613882064819336,0.9187555313110352,0.05331478267908096,51418,50625
itransformer_era5_long_r40_s43,long,0.4,43,itransformer_era5,q,ok,0.1,0.9,0.5855716466903687,1.1711432933807373,0.8877925276756287,0.2529175579547882,40508,41147
itransformer_era5_long_r40_s43,long,0.4,43,itransformer_era5,all,ok,0.1,0.9,0.7325685620307922,1.4651371240615845,0.8897123336791992,0.28251394629478455,209615,206052
itransformer_era5_long_r40_s44,long,0.4,44,itransformer_era5,T,ok,0.1,0.9,0.3205932378768921,0.6411864757537842,0.8952251672744751,0.1498764008283615,43092,43436
itransformer_era5_long_r40_s44,long,0.4,44,itransformer_era5,RH,ok,0.1,0.9,1.1523371934890747,2.3046743869781494,0.8705153465270996,0.6250434517860413,50133,48917
itransformer_era5_long_r40_s44,long,0.4,44,itransformer_era5,wspd,ok,0.1,0.9,0.8441283702850342,1.6882567405700684,0.9283061623573303,0.34699687361717224,24741,21271
itransformer_era5_long_r40_s44,long,0.4,44,itransformer_era5,P,ok,0.1,0.9,0.1084219217300415,0.216843843460083,0.909238338470459,0.05152920261025429,51654,50572
itransformer_era5_long_r40_s44,long,0.4,44,itransformer_era5,q,ok,0.1,0.9,0.5883437395095825,1.176687479019165,0.8848263025283813,0.256396621465683,40658,41216
itransformer_era5_long_r40_s44,long,0.4,44,itransformer_era5,all,ok,0.1,0.9,0.7350960969924927,1.4701921939849854,0.8892470002174377,0.2806059718132019,210278,205412
itransformer_era5_medium_r40_s42,medium,0.4,42,itransformer_era5,T,ok,0.1,0.9,0.3096967041492462,0.6193934082984924,0.87682044506073,0.15381957590579987,40703,41062
itransformer_era5_medium_r40_s42,medium,0.4,42,itransformer_era5,RH,ok,0.1,0.9,1.1293774843215942,2.2587549686431885,0.8660393357276917,0.6159030199050903,44607,43998
itransformer_era5_medium_r40_s42,medium,0.4,42,itransformer_era5,wspd,ok,0.1,0.9,0.8192335367202759,1.6384670734405518,0.9204167127609253,0.36186715960502625,24359,20733
itransformer_era5_medium_r40_s42,medium,0.4,42,itransformer_era5,P,ok,0.1,0.9,0.1162598729133606,0.2325197458267212,0.8880042433738708,0.05862606689333916,45833,45466
itransformer_era5_medium_r40_s42,medium,0.4,42,itransformer_era5,q,ok,0.1,0.9,0.5758980512619019,1.1517961025238037,0.8921914100646973,0.24903593957424164,39144,39431
itransformer_era5_medium_r40_s42,medium,0.4,42,itransformer_era5,all,ok,0.1,0.9,0.7106757164001465,1.421351432800293,0.8889821171760559,0.28004857897758484,194646,190690
itransformer_era5_medium_r40_s43,medium,0.4,43,itransformer_era5,T,ok,0.1,0.9,0.32018885016441345,0.6403777003288269,0.8984732627868652,0.15043102204799652,39940,40413
itransformer_era5_medium_r40_s43,medium,0.4,43,itransformer_era5,RH,ok,0.1,0.9,1.1221923828125,2.244384765625,0.8667088747024536,0.6139178276062012,44500,44219
itransformer_era5_medium_r40_s43,medium,0.4,43,itransformer_era5,wspd,ok,0.1,0.9,0.8496886491775513,1.6993772983551025,0.9179136753082275,0.3667866289615631,24695,20649
itransformer_era5_medium_r40_s43,medium,0.4,43,itransformer_era5,P,ok,0.1,0.9,0.12326967716217041,0.24653935432434082,0.8884779214859009,0.06151685118675232,46116,45964
itransformer_era5_medium_r40_s43,medium,0.4,43,itransformer_era5,q,ok,0.1,0.9,0.579048752784729,1.158097505569458,0.8916019797325134,0.2444811910390854,39012,39807
itransformer_era5_medium_r40_s43,medium,0.4,43,itransformer_era5,all,ok,0.1,0.9,0.7086622714996338,1.4173245429992676,0.8871721029281616,0.27929362654685974,194263,191052
itransformer_era5_medium_r40_s44,medium,0.4,44,itransformer_era5,T,ok,0.1,0.9,0.3196595311164856,0.6393190622329712,0.8972099423408508,0.14865835011005402,39893,40393
itransformer_era5_medium_r40_s44,medium,0.4,44,itransformer_era5,RH,ok,0.1,0.9,1.1221674680709839,2.2443349361419678,0.8634196519851685,0.6135784387588501,44857,43835
itransformer_era5_medium_r40_s44,medium,0.4,44,itransformer_era5,wspd,ok,0.1,0.9,0.8551170825958252,1.7102341651916504,0.9203459024429321,0.3604353070259094,24554,20815
itransformer_era5_medium_r40_s44,medium,0.4,44,itransformer_era5,P,ok,0.1,0.9,0.11693894863128662,0.23387789726257324,0.8923681378364563,0.057937055826187134,46099,45795
itransformer_era5_medium_r40_s44,medium,0.4,44,itransformer_era5,q,ok,0.1,0.9,0.5759332776069641,1.1518665552139282,0.8913356065750122,0.24395056068897247,39181,39645
itransformer_era5_medium_r40_s44,medium,0.4,44,itransformer_era5,all,ok,0.1,0.9,0.7167614102363586,1.4335228204727173,0.8905676603317261,0.27681252360343933,194584,190483
itransformer_era5_short_r40_s42,short,0.4,42,itransformer_era5,T,ok,0.1,0.9,0.29641881585121155,0.5928376317024231,0.8972808718681335,0.14092223346233368,38884,39535
itransformer_era5_short_r40_s42,short,0.4,42,itransformer_era5,RH,ok,0.1,0.9,1.0594896078109741,2.1189792156219482,0.8630486726760864,0.5815147161483765,42204,41533
itransformer_era5_short_r40_s42,short,0.4,42,itransformer_era5,wspd,ok,0.1,0.9,0.8363286256790161,1.6726572513580322,0.9192080497741699,0.3648904860019684,23733,20002
itransformer_era5_short_r40_s42,short,0.4,42,itransformer_era5,P,ok,0.1,0.9,0.11769604682922363,0.23539209365844727,0.908494770526886,0.05512230470776558,44042,43462
itransformer_era5_short_r40_s42,short,0.4,42,itransformer_era5,q,ok,0.1,0.9,0.5426859855651855,1.085371971130371,0.8858308792114258,0.23931552469730377,38140,38478
itransformer_era5_short_r40_s42,short,0.4,42,itransformer_era5,all,ok,0.1,0.9,0.6768546104431152,1.3537092208862305,0.8889623284339905,0.26570162177085876,187003,183010
itransformer_era5_short_r40_s43,short,0.4,43,itransformer_era5,T,ok,0.1,0.9,0.3051927983760834,0.6103855967521667,0.9026616215705872,0.141994908452034,38866,39224
itransformer_era5_short_r40_s43,short,0.4,43,itransformer_era5,RH,ok,0.1,0.9,1.0681860446929932,2.1363720893859863,0.860907256603241,0.5873697996139526,42208,41555
itransformer_era5_short_r40_s43,short,0.4,43,itransformer_era5,wspd,ok,0.1,0.9,0.8387348651885986,1.6774697303771973,0.9177020192146301,0.3636223375797272,23770,20122
itransformer_era5_short_r40_s43,short,0.4,43,itransformer_era5,P,ok,0.1,0.9,0.12754231691360474,0.2550846338272095,0.9073131680488586,0.06005395948886871,44066,43620
itransformer_era5_short_r40_s43,short,0.4,43,itransformer_era5,q,ok,0.1,0.9,0.5457034707069397,1.0914069414138794,0.8846322894096375,0.24157585203647614,38233,38737
itransformer_era5_short_r40_s43,short,0.4,43,itransformer_era5,all,ok,0.1,0.9,0.678025484085083,1.356050968170166,0.8874701261520386,0.2688671350479126,187143,183258
itransformer_era5_short_r40_s44,short,0.4,44,itransformer_era5,T,ok,0.1,0.9,0.3064334988594055,0.612866997718811,0.9076007604598999,0.1385088860988617,38728,39167
itransformer_era5_short_r40_s44,short,0.4,44,itransformer_era5,RH,ok,0.1,0.9,1.067180871963501,2.134361743927002,0.8690398931503296,0.5800586342811584,42419,41631
itransformer_era5_short_r40_s44,short,0.4,44,itransformer_era5,wspd,ok,0.1,0.9,0.835391640663147,1.670783281326294,0.9202895164489746,0.36113327741622925,23758,20173
itransformer_era5_short_r40_s44,short,0.4,44,itransformer_era5,P,ok,0.1,0.9,0.1178668737411499,0.2357337474822998,0.8866176605224609,0.0594639889895916,44193,43393
itransformer_era5_short_r40_s44,short,0.4,44,itransformer_era5,q,ok,0.1,0.9,0.5579409599304199,1.1158819198608398,0.8882330060005188,0.24072706699371338,38093,38795
itransformer_era5_short_r40_s44,short,0.4,44,itransformer_era5,all,ok,0.1,0.9,0.6804036498069763,1.3608072996139526,0.8899316787719727,0.2663143575191498,187191,183159
