station,station_id,split,eligible,selection_score,lat,lon,elev_m,institution,start,end,record_years,expected_steps,observed_steps,temporal_coverage,temperature_completeness,pressure_completeness,wind_speed_completeness,relative_humidity_completeness,core_mean_completeness,core_min_completeness,file,read_error
Theresa,theresa,main,True,155.6573112969868,-84.6,-115.85,1454.0,AMRC,1994-11-01T00:00:00,2021-12-31T21:00:00,27.16769336071184,79384,79384,1.0,0.8308979139373174,0.8780358762471027,0.8087649904262824,0.8776957573314522,0.8488486344855387,0.8087649904262824,/home/horeb/_code/microclimate_demo/data/AntAWS/3_hourly/Theresa_3h.csv,
Nico,nico,main,True,151.9171308534743,-89.0,90.02,2979.0,AMRC,1993-01-01T00:00:00,2021-12-31T21:00:00,28.999315537303218,84736,84736,1.0,0.7819226774924471,0.8607793617824774,0.7915643882175226,0.8604961291540786,0.8236906391616314,0.7819226774924471,/home/horeb/_code/microclimate_demo/data/AntAWS/3_hourly/Nico_3h.csv,
Laurie II,laurie_ii,main,True,150.03201124297314,-77.43,170.74,34.0,AMRC,2000-02-01T00:00:00,2021-12-31T21:00:00,21.916495550992472,64040,64040,1.0,0.721470955652717,0.9159275452841974,0.7331667707682699,0.9092442223610243,0.8199523735165521,0.721470955652717,/home/horeb/_code/microclimate_demo/data/AntAWS/3_hourly/Laurie II_3h.csv,
aws05,aws05,main,True,149.63963606735888,-73.1,-13.17,360.0,IMAU,1998-01-01T00:00:00,2014-12-31T21:00:00,16.999315537303218,49672,49672,1.0,0.786358511837655,0.9317925591882751,0.8518078595587051,0.8693227572878081,0.8598204219681108,0.786358511837655,/home/horeb/_code/microclimate_demo/data/AntAWS/3_hourly/aws05_3h.csv,
Alessandra,alessandra,main,True,148.80111761470772,-73.59,166.62,160.0,PNRA,1987-01-01T00:00:00,2021-11-05T21:00:00,34.847364818617386,101824,101824,1.0,0.8303936203645506,0.9155896448774355,0.4856517127592709,0.8900161062225016,0.7804127710559396,0.4856517127592709,/home/horeb/_code/microclimate_demo/data/AntAWS/3_hourly/Alessandra_3h.csv,
Eneide,eneide,main,True,146.99262336947982,-74.7,164.09,91.0,PNRA,1987-01-01T00:00:00,2021-11-03T21:00:00,34.841889117043124,101808,101808,1.0,0.887464639321075,0.9472831211692598,0.2646746817538897,0.8928178532138928,0.7480600738645293,0.2646746817538897,/home/horeb/_code/microclimate_demo/data/AntAWS/3_hourly/Eneide_3h.csv,
Howard Nunatak,howard_nunatak,main,True,145.46845919833112,-77.53,-86.77,1502.0,POLENET,2010-01-15T00:00:00,2021-12-31T21:00:00,11.961670088980151,34952,34952,1.0,0.8778610666056306,0.9904726482032502,0.7251373311970702,0.9904726482032502,0.8959859235523003,0.7251373311970702,/home/horeb/_code/microclimate_demo/data/AntAWS/3_hourly/Howard Nunatak_3h.csv,
Cape Bird,cape_bird,main,True,144.45229734555411,-77.22,166.44,38.0,AMRC,1999-01-01T00:00:00,2021-12-31T21:00:00,23.000684462696782,67208,67208,1.0,0.8614599452446138,0.89166468277586,0.6754255445780264,0.4880817759790501,0.7291579871443876,0.4880817759790501,/home/horeb/_code/microclimate_demo/data/AntAWS/3_hourly/Cape Bird_3h.csv,
Margaret,margaret,main,True,144.18186388415288,-79.98,-165.1,67.0,AMRC,2008-11-01T00:00:00,2021-12-31T21:00:00,13.166324435318275,38472,38472,1.0,0.7662975670617592,0.997426699937617,0.7869879392805157,0.9969588271990019,0.8869177583697234,0.7662975670617592,/home/horeb/_code/microclimate_demo/data/AntAWS/3_hourly/Margaret_3h.csv,
Rita ,rita,main,True,140.77759770985142,-74.73,164.03,268.0,PNRA,1993-01-01T00:00:00,2021-12-06T21:00:00,28.930869267624914,84536,84536,1.0,0.844208384593546,0.9111266206113372,0.19166982114128892,0.839890697454339,0.6967238809501277,0.19166982114128892,/home/horeb/_code/microclimate_demo/data/AntAWS/3_hourly/Rita_3h.csv,
Arelis,arelis,main,True,140.603021271121,-76.72,162.97,150.0,PNRA,1990-01-01T00:00:00,2021-12-02T21:00:00,31.920602327173167,93272,93272,1.0,0.9341174200188695,0.9736898533321897,0.25878077022043056,0.5234153872544816,0.6725008577064928,0.25878077022043056,/home/horeb/_code/microclimate_demo/data/AntAWS/3_hourly/Arelis_3h.csv,
Henry,henry,main,True,139.93875094410876,-89.0,-0.41,2781.0,AMRC,1993-01-01T00:00:00,2021-12-31T21:00:00,28.999315537303218,84736,84736,1.0,0.7529739425981873,0.816713085347432,0.6116644637462235,0.6632246034743202,0.7111440237915407,0.6116644637462235,/home/horeb/_code/microclimate_demo/data/AntAWS/3_hourly/Henry_3h.csv,
Marble Point II,marble_point_ii,main,True,138.7789585409574,-77.44,163.76,111.0,AMRC,2011-12-01T00:00:00,2021-12-31T21:00:00,10.08624229979466,29472,29472,1.0,0.8390336590662324,0.9361088490770901,0.8083944082519001,0.9216883821932682,0.8763063246471227,0.8083944082519001,/home/horeb/_code/microclimate_demo/data/AntAWS/3_hourly/Marble Point II_3h.csv,
aws06,aws06,main,True,138.36273671001598,-74.47,-11.52,1160.0,IMAU,1998-01-01T00:00:00,2009-12-31T21:00:00,12.0,35064,35064,1.0,0.7588980150581793,0.9229123887748117,0.8689824321241159,0.8648186173853525,0.8539028633356149,0.7588980150581793,/home/horeb/_code/microclimate_demo/data/AntAWS/3_hourly/aws06_3h.csv,
Marble Point,marble_point,main,True,136.66455747877205,-77.44,163.75,108.0,AMRC,1980-02-01T00:00:00,2021-12-31T21:00:00,41.91649555099247,122480,122480,1.0,0.8579033311561072,0.9625979751796212,0.7881776616590463,0.0,0.6521697419986937,0.0,/home/horeb/_code/microclimate_demo/data/AntAWS/3_hourly/Marble Point_3h.csv,
Lola,lola,main,True,134.37740940632227,-74.14,163.43,1621.0,PNRA,1990-01-01T00:00:00,2021-12-16T21:00:00,31.958932238193018,93384,93384,1.0,0.886822153687998,0.935802707101859,0.2580956052428682,0.40755375653216824,0.6220685556412233,0.2580956052428682,/home/horeb/_code/microclimate_demo/data/AntAWS/3_hourly/Lola_3h.csv,
Harry,harry,main,True,133.84246195706945,-83.01,-121.41,956.0,AMRC,1994-11-01T00:00:00,2021-12-31T21:00:00,27.16769336071184,79384,79384,1.0,0.7365716013302429,0.7550387987503779,0.6368285800665121,0.4886878968054016,0.6542817192381336,0.4886878968054016,/home/horeb/_code/microclimate_demo/data/AntAWS/3_hourly/Harry_3h.csv,
Butcher Ridge,butcher_ridge,main,True,133.578591284384,-79.15,155.89,2030.0,POLENET,2008-12-09T00:00:00,2021-12-31T21:00:00,13.062286105407255,38168,38168,1.0,0.7500785998742402,0.9332687067700691,0.5314661496541605,0.9332687067700691,0.7870205407671348,0.5314661496541605,/home/horeb/_code/microclimate_demo/data/AntAWS/3_hourly/Butcher Ridge_3h.csv,
Mount Sidley,mount_sidley,main,True,133.48408722523197,-77.13,-125.97,2123.0,POLENET,2010-01-09T00:00:00,2020-12-25T21:00:00,10.962354551676933,32032,32032,1.0,0.7794080919080919,0.928508991008991,0.6867507492507493,0.8882992007992008,0.8207417582417582,0.6867507492507493,/home/horeb/_code/microclimate_demo/data/AntAWS/3_hourly/Mount Sidley_3h.csv,
Silvia,silvia,main,True,132.95745206774998,-73.05,169.6,568.0,PNRA,1990-01-01T00:00:00,2021-11-04T21:00:00,31.84394250513347,93048,93048,1.0,0.7968467887541913,0.8275728656177457,0.22173501848508298,0.6752966210987877,0.630362823488952,0.22173501848508298,/home/horeb/_code/microclimate_demo/data/AntAWS/3_hourly/Silvia_3h.csv,
Sofia,sofia,main,True,131.76781741957564,-74.82,163.23,40.0,PNRA,1987-01-01T00:00:00,2002-12-31T21:00:00,16.0,46752,46752,1.0,0.8012063655030801,0.834595311430527,0.24694130732375086,0.9067633470225873,0.6973765828199864,0.24694130732375086,/home/horeb/_code/microclimate_demo/data/AntAWS/3_hourly/Sofia_3h.csv,
Thurston Island,thurston_island,main,True,130.36887141419396,-72.53,-97.55,225.0,AMRC,2011-01-01T00:00:00,2021-12-31T21:00:00,11.000684462696784,32144,32144,1.0,0.9107142857142857,0.9937468889995023,0.2693193130910901,0.8502053260328521,0.7559964534594326,0.2693193130910901,/home/horeb/_code/microclimate_demo/data/AntAWS/3_hourly/Thurston Island_3h.csv,
Manuela,manuela,main,True,129.6744416426513,-74.95,163.69,78.0,AMRC,1984-01-01T00:00:00,2021-12-31T21:00:00,38.001368925393564,111040,111040,1.0,0.8308537463976945,0.8813310518731988,0.30625900576368875,0.3376801152737752,0.5890309798270893,0.30625900576368875,/home/horeb/_code/microclimate_demo/data/AntAWS/3_hourly/Manuela_3h.csv,
Butler Island,butler_island,main,True,129.1525378828017,-72.21,-60.17,91.0,AMRC,1986-03-01T00:00:00,2011-12-31T21:00:00,25.83709787816564,75496,75496,1.0,0.7699878139239165,0.8668141358482568,0.5701096746847515,0.18920207693122815,0.5990284253470382,0.18920207693122815,/home/horeb/_code/microclimate_demo/data/AntAWS/3_hourly/Butler Island_3h.csv,
aws11 ,aws11,main,True,128.5728366488595,-71.17,-6.8,690.0,IMAU,2007-01-01T00:00:00,2019-01-30T21:00:00,12.082135523613964,35304,35304,1.0,0.8065091774303195,0.894147971901201,0.7707058690233402,0.4984704282800816,0.7424583616587357,0.4984704282800816,/home/horeb/_code/microclimate_demo/data/AntAWS/3_hourly/aws11_3h.csv,
Minna Bluff,minna_bluff,main,True,128.56133490217792,-78.55,166.69,895.0,AMRC,1991-01-01T00:00:00,2020-08-31T21:00:00,29.66735112936345,86688,86688,1.0,0.7241371354743448,0.8175756736803248,0.3904346622369878,0.4861687892211148,0.604579065153193,0.3904346622369878,/home/horeb/_code/microclimate_demo/data/AntAWS/3_hourly/Minna Bluff_3h.csv,
Gill,gill,main,True,128.55557199940802,-79.82,-178.54,53.0,AMRC,1985-01-01T00:00:00,2021-12-31T21:00:00,36.99931553730322,108112,108112,1.0,0.7153229983720586,0.88244598194465,0.6213926298653248,0.2077382714222288,0.6067249704010655,0.2077382714222288,/home/horeb/_code/microclimate_demo/data/AntAWS/3_hourly/Gill_3h.csv,
Lower Thwaites Glacier,lower_thwaites_glacier,main,True,122.90482560790875,-76.44,-107.77,999.0,POLENET,2009-12-12T00:00:00,2021-03-08T21:00:00,11.238877481177276,32840,32840,1.0,0.7116626065773447,0.8035627283800244,0.5866017052375152,0.8035931790499391,0.7263550548112058,0.5866017052375152,/home/horeb/_code/microclimate_demo/data/AntAWS/3_hourly/Lower Thwaites Glacier_3h.csv,
Up Thwaites Glacier,up_thwaites_glacier,main,True,122.57167136394187,-77.58,-109.03,1314.0,POLENET,2010-01-15T00:00:00,2020-05-07T21:00:00,10.310746064339494,30128,30128,1.0,0.7151155071694105,0.8662705788635157,0.5152349973446628,0.8662705788635157,0.7407229155602761,0.5152349973446628,/home/horeb/_code/microclimate_demo/data/AntAWS/3_hourly/Up Thwaites Glacier_3h.csv,
Erin,erin,main,True,121.26845460042325,-84.9,-128.87,988.0,AMRC,1994-11-01T00:00:00,2021-12-31T21:00:00,27.16769336071184,79384,79384,1.0,0.7225259498135644,0.4235740199536431,0.5710470623803285,0.4110652020558299,0.5320530585508415,0.4110652020558299,/home/horeb/_code/microclimate_demo/data/AntAWS/3_hourly/Erin_3h.csv,
Bear Peninsula,bear_peninsula,main,True,112.26595951772805,-74.55,-111.87,416.0,AMRC,2011-01-01T00:00:00,2021-12-31T21:00:00,11.000684462696784,32144,32144,1.0,0.7312095569935291,0.7664260826281732,0.30410029865604776,0.6776381284221006,0.6198435166749626,0.30410029865604776,/home/horeb/_code/microclimate_demo/data/AntAWS/3_hourly/Bear Peninsula_3h.csv,
Vito,vito,heldout,True,146.04836014232725,-78.41,177.83,50.0,AMRC,2004-02-01T00:00:00,2021-12-31T21:00:00,17.916495550992472,52352,52352,1.0,0.7358649144254279,0.8591648838630807,0.7807533618581907,0.8969666870415648,0.818187461797066,0.7358649144254279,/home/horeb/_code/microclimate_demo/data/AntAWS/3_hourly/Vito_3h.csv,
Sabrina,sabrina,heldout,True,141.31104989714194,-84.24,-170.26,87.0,AMRC,2009-02-01T00:00:00,2021-12-31T21:00:00,12.914442162902121,37736,37736,1.0,0.8260281958872164,0.9484842060631757,0.7799978800084799,0.83874814500742,0.848314606741573,0.7799978800084799,/home/horeb/_code/microclimate_demo/data/AntAWS/3_hourly/Sabrina_3h.csv,
Clean Air,clean_air,heldout,True,139.87513948713507,-90.0,0.0,2835.0,AMRC,1986-01-01T00:00:00,2005-01-31T21:00:00,19.085557837097877,55768,55768,1.0,0.7902201979629895,0.7648472242146034,0.8643307990245302,0.4585425333524602,0.7194851886386457,0.4585425333524602,/home/horeb/_code/microclimate_demo/data/AntAWS/3_hourly/Clean Air_3h.csv,
Zhongshan,zhongshan,heldout,True,136.36840012038869,-69.37,76.38,18.0,CHINARE,1989-03-01T00:00:00,2020-12-31T21:00:00,31.838466803559207,93032,93032,1.0,0.7417340270014618,0.7964571330294953,0.5821545274744174,0.592656290308711,0.6782504944535215,0.5821545274744174,/home/horeb/_code/microclimate_demo/data/AntAWS/3_hourly/Zhongshan_3h.csv,
LGB35,lgb35,heldout,True,110.14490721448446,-76.04,65.0,2342.0,AAD,1993-12-21T00:00:00,2008-07-01T21:00:00,14.529774127310061,42456,42456,1.0,0.7619653288110043,0.8348407763331449,0.48464292443941964,0.0,0.5203622573958923,0.0,/home/horeb/_code/microclimate_demo/data/AntAWS/3_hourly/LGB35_3h.csv,
Taishan,taishan,excluded,False,144.3848023896323,-73.86,76.98,2626.0,CHINARE,2012-12-24T00:00:00,2021-07-10T21:00:00,8.544832306639288,24968,24968,1.0,0.8598606215956425,0.9852210829862224,0.9883851329702018,0.9984780519064402,0.9579862223646267,0.8598606215956425,/home/horeb/_code/microclimate_demo/data/AntAWS/3_hourly/Taishan_3h.csv,
AGO-4,ago_4,excluded,False,142.36393378224258,-82.01,96.76,3597.0,AMRC,2013-01-01T00:00:00,2021-12-31T21:00:00,8.999315537303216,26296,26296,1.0,0.8984256160632796,0.9946379677517493,0.9737982963188317,0.8093246121083054,0.9190466230605415,0.8093246121083054,/home/horeb/_code/microclimate_demo/data/AntAWS/3_hourly/AGO-4_3h.csv,
aws09,aws09,excluded,False,139.87515556938394,-75.0,0.0,2900.0,IMAU,1997-01-01T00:00:00,2018-12-31T21:00:00,21.998631074606433,64280,64280,1.0,0.5930771624144369,0.907125077784692,0.863301182327318,0.6384256378344741,0.7504822650902303,0.5930771624144369,/home/horeb/_code/microclimate_demo/data/AntAWS/3_hourly/aws09_3h.csv,
Panda200,panda200,excluded,False,137.50127598126835,-70.97,77.19,1952.0,CHINARE,2016-12-16T00:00:00,2021-07-10T21:00:00,4.566735112936345,13344,13344,1.0,0.8908872901678657,0.997976618705036,0.9630545563549161,0.9919064748201439,0.9609562350119903,0.8908872901678657,/home/horeb/_code/microclimate_demo/data/AntAWS/3_hourly/Panda200_3h.csv,
Brimstone Peak,brimstone_peak,excluded,False,137.10172251329791,-75.8,158.47,2138.0,POLENET,2008-12-11T00:00:00,2018-02-06T21:00:00,9.158110882956878,26760,26760,1.0,0.8730194319880419,0.9794469357249627,0.6464872944693573,0.9794469357249627,0.8696001494768312,0.6464872944693573,/home/horeb/_code/microclimate_demo/data/AntAWS/3_hourly/Brimstone Peak_3h.csv,
Ferrell,ferrell,excluded,False,137.073087431694,-77.78,170.82,43.0,AMRC,1980-12-01T00:00:00,2021-12-31T21:00:00,41.08418891170431,120048,120048,1.0,0.6782620285219245,0.8637211781953885,0.6685825669732107,0.5940956950553112,0.7011653671864588,0.5940956950553112,/home/horeb/_code/microclimate_demo/data/AntAWS/3_hourly/Ferrell_3h.csv,
Prospect Point,prospect_point,excluded,False,136.17076344734443,-66.01,-65.34,44.0,POLENET,2014-05-04T00:00:00,2021-12-31T21:00:00,7.663244353182751,22392,22392,1.0,0.8405234012147196,0.9948642372275813,0.762593783494105,0.9952661664880315,0.8983118971061093,0.762593783494105,/home/horeb/_code/microclimate_demo/data/AntAWS/3_hourly/Prospect Point_3h.csv,
Wilson Nunatak,wilson_nunatak,excluded,False,136.1410908194789,-80.04,-80.56,692.0,POLENET,2010-01-13T00:00:00,2019-12-17T21:00:00,9.927446954140999,29008,29008,1.0,0.8970284059569774,0.9240899062327633,0.6092112520683949,0.9240899062327633,0.8386048676227248,0.6092112520683949,/home/horeb/_code/microclimate_demo/data/AntAWS/3_hourly/Wilson Nunatak_3h.csv,
Bennett Nunatak,bennett_nunatak,excluded,False,135.23326129615677,-84.79,-116.46,1441.0,POLENET,2010-12-15T00:00:00,2018-01-04T21:00:00,7.058179329226557,20624,20624,1.0,0.8963828549262994,0.9887994569433669,0.6743114817688131,0.9887994569433669,0.8870733126454616,0.6743114817688131,/home/horeb/_code/microclimate_demo/data/AntAWS/3_hourly/Bennett Nunatak_3h.csv,
Concordia,concordia,excluded,False,135.18883883753125,-75.1,123.4,3230.0,PNRA,2005-01-01T00:00:00,2021-12-31T21:00:00,16.999315537303218,49672,49672,1.0,0.5972781446287647,0.9213842808825898,0.6636736994685134,0.8679940409083589,0.7625825414720567,0.5972781446287647,/home/horeb/_code/microclimate_demo/data/AntAWS/3_hourly/Concordia_3h.csv,
Duthiers Point,duthiers_point,excluded,False,135.12706929119003,-64.8,-62.82,78.0,POLENET,2009-04-03T00:00:00,2014-11-01T21:00:00,5.582477754962355,16312,16312,1.0,0.9063266307013241,0.9851029916625796,0.7755640019617459,0.985164296223639,0.9130394801373222,0.7755640019617459,/home/horeb/_code/microclimate_demo/data/AntAWS/3_hourly/Duthiers Point_3h.csv,
Monte Cassino,monte_cassino,excluded,False,135.11213003221127,-72.27,163.73,1954.0,POLENET,2014-12-17T00:00:00,2021-12-31T21:00:00,7.041752224503765,20576,20576,1.0,0.8809778382581649,0.9756026438569206,0.7279840590979783,0.9756026438569206,0.8900417962674961,0.7279840590979783,/home/horeb/_code/microclimate_demo/data/AntAWS/3_hourly/Monte Cassino_3h.csv,
Vernadsky Station,vernadsky_station,excluded,False,134.18945840136976,-65.25,-64.25,46.0,POLENET,2009-04-01T00:00:00,2017-02-18T21:00:00,7.887748117727583,23048,23048,1.0,0.8477525164873307,0.9457653592502603,0.7493925720236029,0.9458955223880597,0.8722014925373134,0.7493925720236029,/home/horeb/_code/microclimate_demo/data/AntAWS/3_hourly/Vernadsky Station_3h.csv,
Marilyn,marilyn,excluded,False,134.02906490769007,-79.9,165.77,62.0,AMRC,1984-01-01T00:00:00,2021-08-31T21:00:00,37.667351129363446,110064,110064,1.0,0.671536560546591,0.8691761157144934,0.6368294810292193,0.5120838784707079,0.6724065089402529,0.5120838784707079,/home/horeb/_code/microclimate_demo/data/AntAWS/3_hourly/Marilyn_3h.csv,
Panda100,panda100,excluded,False,133.79555412830115,-70.22,76.65,1352.0,CHINARE,2019-02-08T00:00:00,2021-07-10T21:00:00,2.4202600958247777,7072,7072,1.0,0.9182692307692307,0.9983031674208145,0.9254807692307693,0.9978789592760181,0.9599830316742082,0.9182692307692307,/home/horeb/_code/microclimate_demo/data/AntAWS/3_hourly/Panda100_3h.csv,
Fallone Nunataks,fallone_nunataks,excluded,False,133.55537863658708,-85.31,-143.63,291.0,POLENET,2009-12-22T00:00:00,2019-07-21T21:00:00,9.579739904175222,27992,27992,1.0,0.8265218633895399,0.9114032580737353,0.6999142612174907,0.9114747070591598,0.8373285224349813,0.6999142612174907,/home/horeb/_code/microclimate_demo/data/AntAWS/3_hourly/Fallone Nunataks_3h.csv,
Panda1100,panda1100,excluded,False,133.1802415672704,-79.01,76.99,3736.0,CHINARE,2017-01-01T00:00:00,2021-07-10T21:00:00,4.522929500342231,13216,13216,1.0,0.8622124697336562,0.9984110169491526,0.8434473365617433,0.99909200968523,0.9257907082324455,0.8434473365617433,/home/horeb/_code/microclimate_demo/data/AntAWS/3_hourly/Panda1100_3h.csv,
Tombstone Hill,tombstone_hill,excluded,False,133.11507207667893,-72.45,169.72,620.0,POLENET,2014-12-07T00:00:00,2021-12-31T21:00:00,7.069130732375085,20656,20656,1.0,0.8784856700232379,0.9911890007745934,0.619577846630519,0.9913342370255616,0.870146688613478,0.619577846630519,/home/horeb/_code/microclimate_demo/data/AntAWS/3_hourly/Tombstone Hill_3h.csv,
Willie Field,willie_field,excluded,False,132.43948485125023,-77.87,166.92,9.0,AMRC,1992-01-01T00:00:00,2021-12-31T21:00:00,30.001368925393567,87664,87664,1.0,0.5768502463953276,0.73773726957474,0.6124520897974083,0.7936895418872056,0.6801822869136704,0.5768502463953276,/home/horeb/_code/microclimate_demo/data/AntAWS/3_hourly/Willie Field_3h.csv,
Deverall Island,deverall_island,excluded,False,132.42340510446195,-81.48,161.98,95.0,POLENET,2009-01-29T00:00:00,2018-02-11T21:00:00,9.037645448323067,26408,26408,1.0,0.7355725537715844,0.9592169039684943,0.784345652832475,0.9592169039684943,0.8595880036352621,0.7355725537715844,/home/horeb/_code/microclimate_demo/data/AntAWS/3_hourly/Deverall Island_3h.csv,
Relay Station,relay_station,excluded,False,132.1146119418167,-74.02,43.06,3353.0,AMRC,1995-02-01T00:00:00,2021-12-31T21:00:00,26.915811088295687,78648,78648,1.0,0.6078730546231309,0.8371859424270166,0.7889456820262435,0.4427067439731462,0.6691778557623843,0.4427067439731462,/home/horeb/_code/microclimate_demo/data/AntAWS/3_hourly/Relay Station_3h.csv,
Steward Hills,steward_hills,excluded,False,131.6062227173453,-84.19,-86.25,1582.0,POLENET,2014-01-08T00:00:00,2019-12-16T21:00:00,5.938398357289528,17352,17352,1.0,0.9542415859843246,0.9669778699861687,0.5466804979253111,0.967035500230521,0.8587338635315814,0.5466804979253111,/home/horeb/_code/microclimate_demo/data/AntAWS/3_hourly/Steward Hills_3h.csv,
Kathie,kathie,excluded,False,130.92295910991123,-78.0,-97.27,1607.0,AMRC,2016-01-01T00:00:00,2021-12-31T21:00:00,6.0013689253935665,17536,17536,1.0,0.8269274635036497,0.9916742700729927,0.7196053832116789,0.9916742700729927,0.8824703467153284,0.7196053832116789,/home/horeb/_code/microclimate_demo/data/AntAWS/3_hourly/Kathie_3h.csv,
Emma,emma,excluded,False,130.5599777298372,-84.0,-175.05,76.0,AMRC,2014-12-01T00:00:00,2021-12-31T21:00:00,7.085557837097878,20704,20704,1.0,0.8173299845440495,0.9969088098918083,0.8554868624420402,0.7684988408037094,0.8595561244204019,0.7684988408037094,/home/horeb/_code/microclimate_demo/data/AntAWS/3_hourly/Emma_3h.csv,
Panda400,panda400,excluded,False,129.61048492694107,-72.86,77.38,2572.0,CHINARE,2019-12-14T00:00:00,2021-07-10T21:00:00,1.5742642026009583,4600,4600,1.0,0.8378260869565217,0.9958695652173913,0.9893478260869565,0.9976086956521739,0.955163043478261,0.8378260869565217,/home/horeb/_code/microclimate_demo/data/AntAWS/3_hourly/Panda400_3h.csv,
Marlene,marlene,excluded,False,129.42334765679223,-83.65,-167.42,83.0,AMRC,2011-01-01T00:00:00,2014-11-30T21:00:00,3.915126625598905,11440,11440,1.0,0.825,0.9704545454545455,0.8728146853146853,0.9704545454545455,0.9096809440559441,0.825,/home/horeb/_code/microclimate_demo/data/AntAWS/3_hourly/Marlene_3h.csv,
Schwerdtfeger,schwerdtfeger,excluded,False,129.39289810566822,-79.82,170.36,54.0,AMRC,1985-01-01T00:00:00,2021-12-31T21:00:00,36.99931553730322,108112,108112,1.0,0.6597324996300133,0.8672117803759065,0.7902268018351339,0.1988123427556608,0.6289958561491787,0.1988123427556608,/home/horeb/_code/microclimate_demo/data/AntAWS/3_hourly/Schwerdtfeger_3h.csv,
AmeryG3,ameryg3,excluded,False,129.3627494920521,-70.89,69.87,84.0,AAD,1999-02-04T00:00:00,2021-12-31T21:00:00,22.90759753593429,66936,66936,1.0,0.5361838173777937,0.8907015656746743,0.3399964144854787,0.871444364766344,0.6595815405760727,0.3399964144854787,/home/horeb/_code/microclimate_demo/data/AntAWS/3_hourly/AmeryG3_3h.csv,
Dome_A,dome_a,excluded,False,129.09035538954416,-80.37,77.37,4093.0,CHINARE/AAD,2005-01-17T00:00:00,2021-12-31T21:00:00,16.955509924709105,49544,49544,1.0,0.6459510737929921,0.7218028419182948,0.47818101081866626,0.9152874212820927,0.6903055869530115,0.47818101081866626,/home/horeb/_code/microclimate_demo/data/AntAWS/3_hourly/Dome_A_3h.csv,
Mary,mary,excluded,False,128.95481341161272,-79.31,162.99,58.0,AMRC,2005-02-01T00:00:00,2012-01-31T21:00:00,6.997946611909651,20448,20448,1.0,0.7369424882629108,0.9614143192488263,0.8000782472613458,0.9629792644757433,0.8653535798122065,0.7369424882629108,/home/horeb/_code/microclimate_demo/data/AntAWS/3_hourly/Mary_3h.csv,
Pegasus North,pegasus_north,excluded,False,128.76882272416154,-77.95,166.5,8.0,AMRC,1990-01-01T00:00:00,2017-12-31T21:00:00,28.0,81816,81816,1.0,0.6243522049476875,0.6378703432091523,0.5939058374889997,0.6702723183729344,0.6316001760046935,0.5939058374889997,/home/horeb/_code/microclimate_demo/data/AntAWS/3_hourly/Pegasus North_3h.csv,
Gomez,gomez,excluded,False,128.65274224817318,-74.0,-70.61,1400.0,BAS,2005-01-31T00:00:00,2006-07-21T21:00:00,1.4702258726899384,4296,4296,1.0,0.8731378026070763,0.9969739292364991,0.8922253258845437,0.9930167597765364,0.9388384543761639,0.8731378026070763,/home/horeb/_code/microclimate_demo/data/AntAWS/3_hourly/Gomez_3h.csv,
Lettau,lettau,excluded,False,127.79892957639365,-82.48,-174.59,38.0,AMRC,1986-01-01T00:00:00,2021-12-31T21:00:00,36.0,105192,105192,1.0,0.6262263289984029,0.789632291429006,0.6379667655335006,0.4319054680964332,0.6214327135143357,0.4319054680964332,/home/horeb/_code/microclimate_demo/data/AntAWS/3_hourly/Lettau_3h.csv,
Mount Bruce,mount_bruce,excluded,False,127.42579207752496,-70.6,162.52,1513.0,POLENET,2015-01-01T00:00:00,2021-12-31T21:00:00,7.000684462696783,20456,20456,1.0,0.8815995307000392,0.9650469299960892,0.4434395776300352,0.9652913570590536,0.8138443488463043,0.4434395776300352,/home/horeb/_code/microclimate_demo/data/AntAWS/3_hourly/Mount Bruce_3h.csv,
Janet,janet,excluded,False,127.00976862673751,-77.18,-123.39,2085.0,AMRC,2011-01-01T00:00:00,2021-12-31T21:00:00,11.000684462696784,32144,32144,1.0,0.6661274265803883,0.8959681433549029,0.6761137381781981,0.8959992533598805,0.7835521403683424,0.6661274265803883,/home/horeb/_code/microclimate_demo/data/AntAWS/3_hourly/Janet_3h.csv,
King Edwaed Pt,king_edwaed_pt,excluded,False,126.80466769104264,-54.3,-36.51,346.0,POLENET,2013-02-09T00:00:00,2021-12-31T21:00:00,8.892539356605065,25984,25984,1.0,0.7813654556650246,0.8864301108374384,0.6248845443349754,0.8867379926108374,0.794854525862069,0.6248845443349754,/home/horeb/_code/microclimate_demo/data/AntAWS/3_hourly/King Edwaed Pt_3h.csv,
Whichaway_Nunata,whichaway_nunata,excluded,False,126.53949478335295,-81.58,-28.4,1196.0,POLENET,2014-01-17T00:00:00,2019-12-12T21:00:00,5.90280629705681,17248,17248,1.0,0.8929730983302412,0.9155844155844156,0.5722402597402597,0.9155844155844156,0.824095547309833,0.5722402597402597,/home/horeb/_code/microclimate_demo/data/AntAWS/3_hourly/Whichaway_Nunata_3h.csv,
Panda300,panda300,excluded,False,126.37557528733176,-72.0,77.95,2344.0,CHINARE,2019-12-13T00:00:00,2021-07-10T21:00:00,1.5770020533880904,4608,4608,1.0,0.8111979166666666,0.9730902777777778,0.9594184027777778,0.9739583333333334,0.929416232638889,0.8111979166666666,/home/horeb/_code/microclimate_demo/data/AntAWS/3_hourly/Panda300_3h.csv,
Kirkwood Island,kirkwood_island,excluded,False,126.29676016709621,-68.34,-69.01,30.0,AMRC,2001-05-01T00:00:00,2004-03-31T21:00:00,2.91854893908282,8528,8528,1.0,0.8849671669793621,0.9255393996247655,0.7726313320825516,0.950281425891182,0.8833548311444652,0.7726313320825516,/home/horeb/_code/microclimate_demo/data/AntAWS/3_hourly/Kirkwood Island_3h.csv,
aws17,aws17,excluded,False,125.83914273754755,-65.93,-61.85,50.0,IMAU,2011-01-01T00:00:00,2016-03-10T21:00:00,5.190965092402464,15168,15168,1.0,0.7753164556962026,0.9668380801687764,0.8510680379746836,0.8497494725738397,0.8607430116033755,0.7753164556962026,/home/horeb/_code/microclimate_demo/data/AntAWS/3_hourly/aws17_3h.csv,
AWS19,aws19,excluded,False,125.45105421074622,-70.95,26.27,50.0,IMAU,2014-12-10T00:00:00,2016-02-03T21:00:00,1.1526351813826146,3368,3368,1.0,0.8286817102137767,0.9973277909738717,0.8752969121140143,0.9958432304038005,0.9242874109263657,0.8286817102137767,/home/horeb/_code/microclimate_demo/data/AntAWS/3_hourly/AWS19_3h.csv,
AWS18,aws18,excluded,False,125.32876918254684,-66.4,-63.37,70.0,IMAU,2014-11-25T00:00:00,2018-12-31T21:00:00,4.101300479123887,11984,11984,1.0,0.7002670226969292,0.9993324432576769,0.8936081441922563,0.9915720961281709,0.8961949265687583,0.7002670226969292,/home/horeb/_code/microclimate_demo/data/AntAWS/3_hourly/AWS18_3h.csv,
South Georgia 3,south_georgia_3,excluded,False,124.12566659727032,-54.49,-37.04,53.0,POLENET,2014-10-13T00:00:00,2019-04-26T21:00:00,4.5366187542778915,13256,13256,1.0,0.7744417622208811,0.8848823174411587,0.9014031382015691,0.8669281834640917,0.8569138503319251,0.7744417622208811,/home/horeb/_code/microclimate_demo/data/AntAWS/3_hourly/South Georgia 3_3h.csv,
Whitmore Mountains,whitmore_mountains,excluded,False,124.05441435943811,-82.68,-104.39,2374.0,POLENET,2010-01-20T00:00:00,2019-12-22T21:00:00,9.921971252566735,28992,28992,1.0,0.8420253863134658,0.9069053532008831,0.27052290286975716,0.9069398454746137,0.73159837196468,0.27052290286975716,/home/horeb/_code/microclimate_demo/data/AntAWS/3_hourly/Whitmore Mountains_3h.csv,
Franklin Island,franklin_island,excluded,False,123.91261948474317,-76.14,168.42,181.0,POLENET,2011-01-28T00:00:00,2015-02-08T21:00:00,4.032854209445585,11784,11784,1.0,0.9392396469789546,0.9869314324507807,0.38153428377460963,0.9869314324507807,0.8236591989137815,0.38153428377460963,/home/horeb/_code/microclimate_demo/data/AntAWS/3_hourly/Franklin Island_3h.csv,
Baldrick,baldrick,excluded,False,123.7783049215732,-82.77,-13.05,1968.0,AMRC,2008-01-01T00:00:00,2021-12-31T21:00:00,14.001368925393566,40912,40912,1.0,0.3831638639030113,0.9018380915134924,0.8462798201016817,0.9165770434102464,0.7619647047321079,0.3831638639030113,/home/horeb/_code/microclimate_demo/data/AntAWS/3_hourly/Baldrick_3h.csv,
Fossil Bluff,fossil_bluff,excluded,False,123.76665409943419,-71.33,-68.28,63.0,AMRC,2008-11-01T00:00:00,2011-12-31T21:00:00,3.164955509924709,9248,9248,1.0,0.7844939446366782,0.9874567474048442,0.7592993079584776,0.9817257785467128,0.8782439446366782,0.7592993079584776,/home/horeb/_code/microclimate_demo/data/AntAWS/3_hourly/Fossil Bluff_3h.csv,
Penguin,penguin,excluded,False,123.48751550868487,-74.33,165.13,30.0,PNRA,1999-11-26T00:00:00,2021-12-19T21:00:00,22.067077344284737,64480,64480,1.0,0.6425403225806452,0.7055366004962779,0.49379652605459057,0.45508684863523574,0.5742400744416873,0.45508684863523574,/home/horeb/_code/microclimate_demo/data/AntAWS/3_hourly/Penguin_3h.csv,
Clarke Mountains,clarke_mountains,excluded,False,123.08103294093931,-77.34,-141.87,1025.0,POLENET,2010-01-04T00:00:00,2021-12-31T21:00:00,11.991786447638603,35040,35040,1.0,0.6986586757990868,0.7872716894977169,0.5922659817351598,0.7870433789954338,0.7163099315068493,0.5922659817351598,/home/horeb/_code/microclimate_demo/data/AntAWS/3_hourly/Clarke Mountains_3h.csv,
Dome C II,dome_c_ii,excluded,False,122.94913675482788,-75.11,123.35,3250.0,AMRC,1995-12-01T00:00:00,2021-12-31T21:00:00,26.086242299794662,76224,76224,1.0,0.5482787573467675,0.9228327036104114,0.8985752518891688,0.0,0.5924216782115869,0.0,/home/horeb/_code/microclimate_demo/data/AntAWS/3_hourly/Dome C II_3h.csv,
Virginia,virginia,excluded,False,121.54824261897745,-74.95,163.69,20.0,PNRA,2016-01-23T00:00:00,2021-12-14T21:00:00,5.894592744695414,17224,17224,1.0,0.9138411518810962,0.9756734788666976,0.24831630283325593,0.9386901997213191,0.7691302833255922,0.24831630283325593,/home/horeb/_code/microclimate_demo/data/AntAWS/3_hourly/Virginia_3h.csv,
South Georgia 1,south_georgia_1,excluded,False,121.43015604370402,-54.87,-36.04,85.0,POLENET,2014-10-05T00:00:00,2017-05-04T21:00:00,2.5817932922655715,7544,7544,1.0,0.8486214209968187,0.9514846235418876,0.653101802757158,0.9488335100742312,0.850510339342524,0.653101802757158,/home/horeb/_code/microclimate_demo/data/AntAWS/3_hourly/South Georgia 1_3h.csv,
Traverse Mountains,traverse_mountains,excluded,False,121.35169444311795,-69.99,-67.55,1064.0,POLENET,2009-12-22T00:00:00,2010-07-24T21:00:00,0.5886379192334018,1720,1720,1.0,0.9063953488372093,0.9883720930232558,0.6174418604651163,0.9883720930232558,0.8751453488372093,0.6174418604651163,/home/horeb/_code/microclimate_demo/data/AntAWS/3_hourly/Traverse Mountains_3h.csv,
Byrd,byrd,excluded,False,121.1877077765465,-80.01,-119.44,1539.0,AMRC,1980-01-01T00:00:00,2021-12-31T21:00:00,42.001368925393564,122728,122728,1.0,0.6211133563652956,0.7877582947656606,0.5804706342480933,0.23705266931751515,0.5565987386741411,0.23705266931751515,/home/horeb/_code/microclimate_demo/data/AntAWS/3_hourly/Byrd_3h.csv,
Spring Point,spring_point,excluded,False,121.14395463686394,-64.29,-61.05,15.0,POLENET,2013-03-22T00:00:00,2017-08-22T21:00:00,4.421629021218344,12920,12920,1.0,0.7987616099071208,0.9236068111455108,0.6469040247678018,0.9239938080495356,0.8233165634674923,0.6469040247678018,/home/horeb/_code/microclimate_demo/data/AntAWS/3_hourly/Spring Point_3h.csv,
Sofiab,sofiab,excluded,False,120.95435827988447,-75.61,158.59,1552.0,PNRA,2002-01-01T00:00:00,2021-11-08T21:00:00,19.854893908281998,58016,58016,1.0,0.6458218422504137,0.7094594594594594,0.14597697186982903,0.7027027027027027,0.5509902440706013,0.14597697186982903,/home/horeb/_code/microclimate_demo/data/AntAWS/3_hourly/Sofiab_3h.csv,
Gomez Nunatak,gomez_nunatak,excluded,False,120.74172574459216,-73.88,-68.54,1420.0,POLENET,2010-01-08T00:00:00,2010-12-31T21:00:00,0.9801505817932923,2864,2864,1.0,0.9099162011173184,0.9860335195530726,0.5590083798882681,0.9863826815642458,0.8603351955307262,0.5590083798882681,/home/horeb/_code/microclimate_demo/data/AntAWS/3_hourly/Gomez Nunatak_3h.csv,
Wormold,wormold,excluded,False,120.31937862548781,-67.47,-68.14,,BAS,2005-01-05T00:00:00,2006-02-27T21:00:00,1.1471594798083504,3352,3352,1.0,0.8511336515513126,0.9964200477326969,0.6697494033412887,0.9525656324582339,0.8674671837708829,0.6697494033412887,/home/horeb/_code/microclimate_demo/data/AntAWS/3_hourly/Wormold_3h.csv,
Emilia,emilia,excluded,False,120.30053770956441,-78.43,173.19,52.0,AMRC,2004-02-01T00:00:00,2021-12-31T21:00:00,17.916495550992472,52352,52352,1.0,0.6261269865525673,0.2743161674816626,0.648838630806846,0.8032930929095354,0.5881437194376529,0.2743161674816626,/home/horeb/_code/microclimate_demo/data/AntAWS/3_hourly/Emilia_3h.csv,
Pirrot Hills,pirrot_hills,excluded,False,119.99557453260707,-81.1,-85.14,1263.0,POLENET,2013-12-30T00:00:00,2019-12-26T21:00:00,5.990417522245037,17504,17504,1.0,0.8023880255941499,0.8499771480804388,0.6158592321755028,0.8499771480804388,0.7795503884826325,0.6158592321755028,/home/horeb/_code/microclimate_demo/data/AntAWS/3_hourly/Pirrot Hills_3h.csv,
Whitlock,whitlock,excluded,False,119.63188740588637,-76.14,168.39,262.0,AMRC,1982-01-01T00:00:00,2021-12-31T21:00:00,40.0,116880,116880,1.0,0.6404688569472964,0.6526180698151951,0.4285335386721424,0.42318617385352497,0.5362016598220396,0.42318617385352497,/home/horeb/_code/microclimate_demo/data/AntAWS/3_hourly/Whitlock_3h.csv,
Linda,linda,excluded,False,119.54594630398303,-78.38,168.46,41.0,AMRC,1991-01-01T00:00:00,2021-12-31T21:00:00,31.000684462696782,90584,90584,1.0,0.5885918042921487,0.44198754746975183,0.5116687273690718,0.6509979687362006,0.5483115119667932,0.44198754746975183,/home/horeb/_code/microclimate_demo/data/AntAWS/3_hourly/Linda_3h.csv,
Larsen Ice Shelf,larsen_ice_shelf,excluded,False,119.3706675708258,-67.01,-61.55,17.0,AMRC,1985-10-01T00:00:00,2012-12-31T21:00:00,27.252566735112936,79632,79632,1.0,0.5546011653606591,0.8652551737994776,0.5965315451074945,0.20383765320474181,0.5550563843680932,0.20383765320474181,/home/horeb/_code/microclimate_demo/data/AntAWS/3_hourly/Larsen Ice Shelf_3h.csv,
Cape Framnes,cape_framnes,excluded,False,119.23673379848375,-66.01,-60.56,100.0,POLENET,2010-02-18T00:00:00,2021-12-31T21:00:00,11.868583162217659,34680,34680,1.0,0.6771626297577855,0.7693483275663207,0.5269319492502883,0.7693771626297577,0.6857050173010381,0.5269319492502883,/home/horeb/_code/microclimate_demo/data/AntAWS/3_hourly/Cape Framnes_3h.csv,
South Georgia 2,south_georgia_2,excluded,False,119.10514051616539,-54.0,-38.05,205.0,POLENET,2014-10-08T00:00:00,2014-12-31T21:00:00,0.2327173169062286,680,680,1.0,0.9735294117647059,0.9882352941176471,0.42058823529411765,0.9897058823529412,0.8430147058823529,0.42058823529411765,/home/horeb/_code/microclimate_demo/data/AntAWS/3_hourly/South Georgia 2_3h.csv,
Cordiner Peak,cordiner_peak,excluded,False,119.10059233524005,-82.86,-53.2,963.0,POLENET,2010-01-14T00:00:00,2014-08-20T21:00:00,4.59958932238193,13440,13440,1.0,0.7868303571428571,0.859077380952381,0.7042410714285714,0.859077380952381,0.8023065476190476,0.7042410714285714,/home/horeb/_code/microclimate_demo/data/AntAWS/3_hourly/Cordiner Peak_3h.csv,
Herbie Alley,herbie_alley,excluded,False,118.8988857883624,-78.1,166.67,30.0,AMRC,1999-01-01T00:00:00,2004-02-29T21:00:00,5.163586584531143,15088,15088,1.0,0.6891569459172853,0.8543875927889714,0.7548382820784729,0.9553287380699894,0.8134278897136797,0.6891569459172853,/home/horeb/_code/microclimate_demo/data/AntAWS/3_hourly/Herbie Alley_3h.csv,
Bumstead Nunatak,bumstead_nunatak,excluded,False,118.6130804110208,-85.96,174.5,2649.0,POLENET,2014-01-28T00:00:00,2019-12-21T21:00:00,5.897330595482546,17232,17232,1.0,0.9236304549675023,0.9517177344475395,0.12204038997214485,0.9517177344475395,0.7372765784586816,0.12204038997214485,/home/horeb/_code/microclimate_demo/data/AntAWS/3_hourly/Bumstead Nunatak_3h.csv,
Elizabeth,elizabeth,excluded,False,118.45222374815128,-82.61,-137.08,523.0,AMRC,1996-02-01T00:00:00,2021-12-31T21:00:00,25.916495550992472,75728,75728,1.0,0.5075401436720895,0.6128248468201986,0.497491020494401,0.6126927952672724,0.5576372015634904,0.497491020494401,/home/horeb/_code/microclimate_demo/data/AntAWS/3_hourly/Elizabeth_3h.csv,
Lepley Nunatak,lepley_nunatak,excluded,False,117.8884799530523,-73.11,-90.3,159.0,POLENET,2011-12-14T00:00:00,2020-02-09T21:00:00,8.158795345653662,23840,23840,1.0,0.8083053691275168,0.8474832214765101,0.3513842281879195,0.8473573825503355,0.7136325503355705,0.3513842281879195,/home/horeb/_code/microclimate_demo/data/AntAWS/3_hourly/Lepley Nunatak_3h.csv,
Maria,maria,excluded,False,117.88278665931642,-74.63,164.01,355.0,PNRA,1997-01-01T00:00:00,2021-10-31T21:00:00,24.83230663928816,72560,72560,1.0,0.6521637265711135,0.6365766262403528,0.23945700110253584,0.5349503858875413,0.5157869349503859,0.23945700110253584,/home/horeb/_code/microclimate_demo/data/AntAWS/3_hourly/Maria_3h.csv,
Kunlun,kunlun,excluded,False,117.27477982493212,-80.43,77.12,4093.0,CHINARE,2017-01-06T00:00:00,2021-07-10T21:00:00,4.509240246406571,13176,13176,1.0,0.7013509411050395,0.9694899817850637,0.5863691560412871,0.9716909532483303,0.8072252580449301,0.5863691560412871,/home/horeb/_code/microclimate_demo/data/AntAWS/3_hourly/Kunlun_3h.csv,
Hutton Mountains,hutton_mountains,excluded,False,117.24239385162117,-74.08,-61.73,951.0,POLENET,2010-01-05T00:00:00,2010-06-04T21:00:00,0.4134154688569473,1208,1208,1.0,0.8501655629139073,0.9817880794701986,0.5927152317880795,0.9817880794701986,0.851614238410596,0.5927152317880795,/home/horeb/_code/microclimate_demo/data/AntAWS/3_hourly/Hutton Mountains_3h.csv,
aws16,aws16,excluded,False,116.706279945243,-71.95,23.33,1300.0,IMAU,2009-01-01T00:00:00,2016-12-31T21:00:00,8.0,23376,23376,1.0,0.6969113620807666,0.7494866529774127,0.7562029431895961,0.7287388774811773,0.7328349589322383,0.6969113620807666,/home/horeb/_code/microclimate_demo/data/AntAWS/3_hourly/aws16_3h.csv,
Eric,eric,excluded,False,116.54493721112215,-81.49,163.96,46.0,AMRC,2005-01-01T00:00:00,2014-09-30T21:00:00,9.74674880219028,28480,28480,1.0,0.5894311797752809,0.7438202247191011,0.7487710674157303,0.8106039325842697,0.7231566011235956,0.5894311797752809,/home/horeb/_code/microclimate_demo/data/AntAWS/3_hourly/Eric_3h.csv,
Eagle,eagle,excluded,False,116.40953389950121,-76.42,77.02,2825.0,CHINARE/AAD,2005-01-27T00:00:00,2021-12-31T21:00:00,16.928131416837783,49464,49464,1.0,0.42143781335921077,0.9409671680414039,0.1812227074235808,0.93706534044962,0.6201732573184539,0.1812227074235808,/home/horeb/_code/microclimate_demo/data/AntAWS/3_hourly/Eagle_3h.csv,
Mizuho,mizuho,excluded,False,116.33478807008504,-70.7,44.29,2260.0,AMRC,2000-10-01T00:00:00,2021-12-31T21:00:00,21.251197809719372,62096,62096,1.0,0.4061453233702654,0.9674214120072147,0.8736794640556558,0.0,0.561811549858284,0.0,/home/horeb/_code/microclimate_demo/data/AntAWS/3_hourly/Mizuho_3h.csv,
Lindsay,lindsay,excluded,False,116.22456469209548,-89.0,-89.85,2940.0,AMRC,1993-01-01T00:00:00,1994-01-31T21:00:00,1.0841889117043122,3168,3168,1.0,0.7765151515151515,0.8876262626262627,0.8257575757575758,0.8958333333333334,0.8464330808080809,0.7765151515151515,/home/horeb/_code/microclimate_demo/data/AntAWS/3_hourly/Lindsay_3h.csv,
Zoraida,zoraida,excluded,False,115.42041614272242,-74.16,162.74,880.0,PNRA,1987-01-01T00:00:00,2021-11-01T21:00:00,34.836413415468854,101792,101792,1.0,0.7340557214712354,0.46650031436655137,0.18788313423451744,0.4943217541653568,0.47069023105941526,0.18788313423451744,/home/horeb/_code/microclimate_demo/data/AntAWS/3_hourly/Zoraida_3h.csv,
Evans Knoll,evans_knoll,excluded,False,115.3544741446708,-74.85,-100.4,178.0,AMRC,2011-01-01T00:00:00,2019-01-31T21:00:00,8.084873374401095,23624,23624,1.0,0.7279461564510668,0.7300626481544192,0.5340755164239757,0.847358618354216,0.7098607348459194,0.5340755164239757,/home/horeb/_code/microclimate_demo/data/AntAWS/3_hourly/Evans Knoll_3h.csv,
Modesta,modesta,excluded,False,115.24696950762309,-74.64,160.65,1924.0,PNRA,1989-01-01T00:00:00,2021-11-11T21:00:00,32.86242299794661,96024,96024,1.0,0.42898650337415645,0.8192118637007415,0.39313088394568024,0.5395630259101891,0.5452230692326918,0.39313088394568024,/home/horeb/_code/microclimate_demo/data/AntAWS/3_hourly/Modesta_3h.csv,
Elaine,elaine,excluded,False,115.15403238453698,-83.07,174.24,59.0,AMRC,1986-01-01T00:00:00,2020-11-30T21:00:00,34.91581108829569,102024,102024,1.0,0.5477044616952874,0.37790127813063595,0.4490512036383596,0.6837998902219086,0.5146142084215479,0.37790127813063595,/home/horeb/_code/microclimate_demo/data/AntAWS/3_hourly/Elaine_3h.csv,
Rambo Nunatak,rambo_nunatak,excluded,False,115.04343360664767,-83.87,-66.39,784.0,POLENET,2014-01-06T00:00:00,2019-12-26T21:00:00,5.971252566735113,17448,17448,1.0,0.7708046767537826,0.7927556166895919,0.5969165520403484,0.7927556166895919,0.7383081155433288,0.5969165520403484,/home/horeb/_code/microclimate_demo/data/AntAWS/3_hourly/Rambo Nunatak_3h.csv,
Possession Island,possession_island,excluded,False,114.95928645392074,-71.89,171.21,30.0,AMRC,1992-12-01T00:00:00,2021-12-31T21:00:00,29.084188911704313,84984,84984,1.0,0.8526663842605667,0.8930386896356961,0.0,0.0,0.43642626847406574,0.0,/home/horeb/_code/microclimate_demo/data/AntAWS/3_hourly/Possession Island_3h.csv,
Ferrigno,ferrigno,excluded,False,114.84734448109873,-74.57,-86.91,1385.0,BAS,2009-12-20T00:00:00,2010-12-20T21:00:00,1.002053388090349,2928,2928,1.0,0.8415300546448088,0.9976092896174863,0.4364754098360656,0.9965846994535519,0.8180498633879781,0.4364754098360656,/home/horeb/_code/microclimate_demo/data/AntAWS/3_hourly/Ferrigno_3h.csv,
aws14,aws14,excluded,False,114.54753641630757,-67.02,-61.5,50.0,IMAU,2009-01-01T00:00:00,2015-12-31T21:00:00,6.997946611909651,20448,20448,1.0,0.659966744913928,0.8513791079812206,0.7856025039123631,0.6651506259780907,0.7405247456964007,0.659966744913928,/home/horeb/_code/microclimate_demo/data/AntAWS/3_hourly/aws14_3h.csv,
Flask Glacier,flask_glacier,excluded,False,114.51017958473673,-65.75,-62.88,591.0,POLENET,2010-02-06T00:00:00,2014-07-12T21:00:00,4.42984257357974,12944,12944,1.0,0.6912855377008653,0.918340543881335,0.6066131025957973,0.9184950556242274,0.7836835599505563,0.6066131025957973,/home/horeb/_code/microclimate_demo/data/AntAWS/3_hourly/Flask Glacier_3h.csv,
Martha II,martha_ii,excluded,False,114.42347486577492,-78.38,-173.42,18.0,AMRC,1987-01-01T00:00:00,1992-02-29T21:00:00,5.163586584531143,15088,15088,1.0,0.7182529162248145,0.9606972428419936,0.5982900318133616,0.7683589607635207,0.7613997879109227,0.5982900318133616,/home/horeb/_code/microclimate_demo/data/AntAWS/3_hourly/Martha II_3h.csv,
Bean Peaks,bean_peaks,excluded,False,114.42129648361505,-75.96,-69.3,892.0,POLENET,2010-01-07T00:00:00,2010-07-28T21:00:00,0.5557837097878165,1624,1624,1.0,0.8115763546798029,0.9821428571428571,0.5443349753694581,0.9827586206896551,0.8302032019704434,0.5443349753694581,/home/horeb/_code/microclimate_demo/data/AntAWS/3_hourly/Bean Peaks_3h.csv,
Pat,pat,excluded,False,114.4175016706826,-74.88,163.1,30.0,AMRC,1988-12-01T00:00:00,1990-12-31T21:00:00,2.083504449007529,6088,6088,1.0,0.8579172141918529,0.9021024967148489,0.49375821287779237,0.8983245729303548,0.7880256241787122,0.49375821287779237,/home/horeb/_code/microclimate_demo/data/AntAWS/3_hourly/Pat_3h.csv,
Cape Spencer,cape_spencer,excluded,False,114.29339979680663,-77.97,167.53,23.0,AMRC,1999-01-01T00:00:00,2004-05-31T21:00:00,5.415468856947296,15824,15824,1.0,0.627906976744186,0.8827098078867543,0.7474089989888777,0.8525657229524772,0.7776478766430738,0.627906976744186,/home/horeb/_code/microclimate_demo/data/AntAWS/3_hourly/Cape Spencer_3h.csv,
Kominko-Slade,kominko_slade,excluded,False,114.17557963322321,-79.47,-112.11,1801.0,AMRC,2007-04-01T00:00:00,2019-12-31T21:00:00,12.752908966461328,37264,37264,1.0,0.586813009875483,0.7289609274366681,0.51524259338772,0.7289609274366681,0.6399943645341348,0.51524259338772,/home/horeb/_code/microclimate_demo/data/AntAWS/3_hourly/Kominko-Slade_3h.csv,
Siple Dome,siple_dome,excluded,False,114.05343062096156,-81.65,-148.99,667.0,AMRC,1997-01-01T00:00:00,2021-12-31T21:00:00,24.999315537303218,73048,73048,1.0,0.664905267769138,0.40005202058920164,0.435179607929033,0.3970950607819516,0.4743079892673311,0.3970950607819516,/home/horeb/_code/microclimate_demo/data/AntAWS/3_hourly/Siple Dome_3h.csv,
D-10,d_10,excluded,False,113.9125065214556,-66.71,139.84,243.0,AMRC,1980-01-08T00:00:00,2021-12-31T21:00:00,41.98220396988364,122672,122672,1.0,0.5761624494587192,0.6621804486761446,0.4754793269857832,0.26651558627885746,0.4950844528498761,0.26651558627885746,/home/horeb/_code/microclimate_demo/data/AntAWS/3_hourly/D-10_3h.csv,
Backer Island,backer_island,excluded,False,113.71234279922679,-74.43,-102.48,64.0,POLENET,2011-12-27T00:00:00,2016-12-19T21:00:00,4.982888432580425,14560,14560,1.0,0.7581730769230769,0.8296703296703297,0.5739697802197802,0.8298763736263737,0.7479223901098901,0.5739697802197802,/home/horeb/_code/microclimate_demo/data/AntAWS/3_hourly/Backer Island_3h.csv,
aws04,aws04,excluded,False,113.6006966540052,-72.75,-15.48,35.0,IMAU,1997-01-01T00:00:00,2002-12-31T21:00:00,5.9986310746064335,17528,17528,1.0,0.6647078959379279,0.8352350524874487,0.7412711090826107,0.7582154267457781,0.7498573710634413,0.6647078959379279,/home/horeb/_code/microclimate_demo/data/AntAWS/3_hourly/aws04_3h.csv,
Dismal Island,dismal_island,excluded,False,111.83418812013946,-68.09,-68.83,12.0,AMRC,2001-05-01T00:00:00,2021-09-30T21:00:00,20.418891170431213,59664,59664,1.0,0.4524001072673639,0.6261061946902655,0.30727071600965405,0.6351903995709306,0.5052418543845536,0.30727071600965405,/home/horeb/_code/microclimate_demo/data/AntAWS/3_hourly/Dismal Island_3h.csv,
Giulia,giulia,excluded,False,110.80982641041538,-75.54,145.86,2510.0,PNRA,1997-01-01T00:00:00,2019-01-30T21:00:00,22.080766598220396,64520,64520,1.0,0.4840204587724736,0.49403285802851826,0.36923434593924365,0.6010849349039058,0.4870931494110354,0.36923434593924365,/home/horeb/_code/microclimate_demo/data/AntAWS/3_hourly/Giulia_3h.csv,
Mount Suggs,mount_suggs,excluded,False,110.69798099055707,-75.28,-72.18,1122.0,POLENET,2010-01-18T00:00:00,2019-01-31T21:00:00,9.037645448323067,26408,26408,1.0,0.7300439260830052,0.8453877612844592,0.15393062708270222,0.8455013632232656,0.643715919418358,0.15393062708270222,/home/horeb/_code/microclimate_demo/data/AntAWS/3_hourly/Mount Suggs_3h.csv,
Dome C,dome_c,excluded,False,110.69599161533196,-74.5,123.0,3280.0,AMRC,1980-02-01T00:00:00,1996-01-31T21:00:00,16.0,46752,46752,1.0,0.509839151266256,0.9029346338124572,0.8252267282683093,0.0,0.5595001283367557,0.0,/home/horeb/_code/microclimate_demo/data/AntAWS/3_hourly/Dome C_3h.csv,
Westhaven Nunatak,westhaven_nunatak,excluded,False,110.68367740532199,-79.84,154.22,2216.0,POLENET,2008-12-09T00:00:00,2017-01-02T21:00:00,8.068446269678303,23576,23576,1.0,0.6879029521547336,0.8304631828978623,0.3451391245334238,0.8304631828978623,0.6734921106209705,0.3451391245334238,/home/horeb/_code/microclimate_demo/data/AntAWS/3_hourly/Westhaven Nunatak_3h.csv,
Lorne,lorne,excluded,False,110.0609144629004,-78.18,170.04,44.0,AMRC,2007-01-01T00:00:00,2021-12-31T21:00:00,15.000684462696784,43832,43832,1.0,0.5484577477641905,0.6018890308450447,0.5483208614710714,0.5552564336557766,0.5634810184340208,0.5483208614710714,/home/horeb/_code/microclimate_demo/data/AntAWS/3_hourly/Lorne_3h.csv,
aws08,aws08,excluded,False,109.85240820124392,-76.0,-8.05,2400.0,IMAU,1998-01-01T00:00:00,2003-12-31T21:00:00,5.9986310746064335,17528,17528,1.0,0.5833523505248744,0.8297581013235965,0.7887950707439525,0.7289479689639434,0.7327133728890918,0.5833523505248744,/home/horeb/_code/microclimate_demo/data/AntAWS/3_hourly/aws08_3h.csv,
Pegasus South,pegasus_south,excluded,False,109.64224693685847,-77.99,166.56,5.0,AMRC,1991-01-01T00:00:00,2009-01-31T21:00:00,18.086242299794662,52848,52848,1.0,0.6112814108386315,0.8177982137450802,0.36179231002119283,0.1366371480472298,0.48187727066303354,0.1366371480472298,/home/horeb/_code/microclimate_demo/data/AntAWS/3_hourly/Pegasus South_3h.csv,
aws15,aws15,excluded,False,109.46731007253555,-67.57,-62.12,50.0,IMAU,2009-01-01T00:00:00,2014-12-31T21:00:00,5.9986310746064335,17528,17528,1.0,0.6891259698767686,0.6153012323140119,0.8056823368324966,0.6995664080328617,0.7024189867640347,0.6153012323140119,/home/horeb/_code/microclimate_demo/data/AntAWS/3_hourly/aws15_3h.csv,
Kohler Glacier,kohler_glacier,excluded,False,109.41334687150251,-76.15,-120.73,1929.0,POLENET,2010-01-24T00:00:00,2019-09-04T21:00:00,9.612594113620808,28088,28088,1.0,0.6558672742808317,0.7663771005411564,0.3630019937339789,0.7664127029336372,0.6379147678724011,0.3630019937339789,/home/horeb/_code/microclimate_demo/data/AntAWS/3_hourly/Kohler Glacier_3h.csv,
Tom,tom,excluded,False,109.13362676558884,-84.43,-171.48,79.0,AMRC,2011-01-01T00:00:00,2014-01-31T21:00:00,3.0855578370978782,9016,9016,1.0,0.6828970718722271,0.834849157054126,0.684449866903283,0.8334072759538598,0.7589008429458741,0.6828970718722271,/home/horeb/_code/microclimate_demo/data/AntAWS/3_hourly/Tom_3h.csv,
Pecora Escarpment,pecora_escarpment,excluded,False,108.78377570479593,-85.61,-68.55,1524.0,POLENET,2010-01-15T00:00:00,2019-12-26T21:00:00,9.946611909650924,29064,29064,1.0,0.7174855491329479,0.7306633636113405,0.25932424993118636,0.7306633636113405,0.6095341315717038,0.25932424993118636,/home/horeb/_code/microclimate_demo/data/AntAWS/3_hourly/Pecora Escarpment_3h.csv,
LGB69,lgb69,excluded,False,108.45773635112165,-70.84,77.07,1854.0,AAD,2002-01-22T00:00:00,2008-08-20T21:00:00,6.579055441478439,19224,19224,1.0,0.7205056179775281,0.788337494798169,0.39918851435705366,0.7834477736163129,0.6728698501872659,0.39918851435705366,/home/horeb/_code/microclimate_demo/data/AntAWS/3_hourly/LGB69_3h.csv,
Patrick,patrick,excluded,False,107.06024588006107,-89.88,45.0,2835.0,AMRC,1986-01-01T00:00:00,1987-06-30T21:00:00,1.4948665297741273,4368,4368,1.0,0.8333333333333334,0.6261446886446886,0.8436355311355311,0.6263736263736264,0.7323717948717948,0.6261446886446886,/home/horeb/_code/microclimate_demo/data/AntAWS/3_hourly/Patrick_3h.csv,
D-47,d_47,excluded,False,106.91163566163567,-67.39,138.73,1560.0,AMRC,1983-01-01T00:00:00,2021-12-31T21:00:00,39.00068446269678,113960,113960,1.0,0.43116883116883115,0.5855738855738856,0.5501228501228501,0.2784310284310284,0.46132414882414885,0.2784310284310284,/home/horeb/_code/microclimate_demo/data/AntAWS/3_hourly/D-47_3h.csv,
Lonewolf Nunatak,lonewolf_nunatak,excluded,False,106.43469931408796,-81.34,152.73,1554.0,POLENET,2008-12-04T00:00:00,2018-02-07T21:00:00,9.180013689253936,26824,26824,1.0,0.672382940650164,0.717901878914405,0.342417238294065,0.717901878914405,0.6126509841932598,0.342417238294065,/home/horeb/_code/microclimate_demo/data/AntAWS/3_hourly/Lonewolf Nunatak_3h.csv,
Lynn,lynn,excluded,False,106.39058991989334,-74.21,160.41,1772.0,AMRC,1988-01-01T00:00:00,1998-01-31T21:00:00,10.08624229979466,29472,29472,1.0,0.6234052660152009,0.756514657980456,0.4754343105320304,0.5699647122692725,0.60632973669924,0.4754343105320304,/home/horeb/_code/microclimate_demo/data/AntAWS/3_hourly/Lynn_3h.csv,
White Out,white_out,excluded,False,106.03668223267316,-77.87,168.16,30.0,AMRC,1998-12-01T00:00:00,1998-12-31T21:00:00,0.08487337440109514,248,248,1.0,0.45564516129032256,1.0,0.9395161290322581,0.9838709677419355,0.844758064516129,0.45564516129032256,/home/horeb/_code/microclimate_demo/data/AntAWS/3_hourly/White Out_3h.csv,
Inman Nunatak,inman_nunatak,excluded,False,105.044495938648,-74.82,-98.88,678.0,POLENET,2013-01-08T00:00:00,2019-12-21T21:00:00,6.951403148528406,20312,20312,1.0,0.6966325324931075,0.75,0.3522055927530524,0.7501969279243796,0.637258763292635,0.3522055927530524,/home/horeb/_code/microclimate_demo/data/AntAWS/3_hourly/Inman Nunatak_3h.csv,
Bonaparte Point,bonaparte_point,excluded,False,104.88036370514484,-64.78,-64.07,8.0,AMRC,1992-01-01T00:00:00,2017-04-30T21:00:00,25.3305954825462,74016,74016,1.0,0.6512240596627756,0.09664126675313446,0.420990056204064,0.37513510592304367,0.38599762213575445,0.09664126675313446,/home/horeb/_code/microclimate_demo/data/AntAWS/3_hourly/Bonaparte Point_3h.csv,
Robertson Island,robertson_island,excluded,False,104.84261303162798,-65.25,-59.44,85.0,POLENET,2010-02-07T00:00:00,2021-12-31T21:00:00,11.898699520876113,34768,34768,1.0,0.6310687988955361,0.7059652554072711,0.1676829268292683,0.7060227795674183,0.5526849401748735,0.1676829268292683,/home/horeb/_code/microclimate_demo/data/AntAWS/3_hourly/Robertson Island_3h.csv,
JASE2007,jase2007,excluded,False,104.68366276279339,-75.89,25.83,3661.0,AMRC,2008-01-01T00:00:00,2021-12-31T21:00:00,14.001368925393566,40912,40912,1.0,0.5382039499413375,0.8694515056707078,0.7213775909268674,0.0,0.5322582616347282,0.0,/home/horeb/_code/microclimate_demo/data/AntAWS/3_hourly/JASE2007_3h.csv,
Foyn Point,foyn_point,excluded,False,104.43545206349597,-65.24,-61.65,123.0,POLENET,2010-02-07T00:00:00,2015-07-31T21:00:00,5.478439425051334,16008,16008,1.0,0.6156921539230384,0.7473763118440779,0.6130059970014993,0.7473763118440779,0.6808626936531734,0.6130059970014993,/home/horeb/_code/microclimate_demo/data/AntAWS/3_hourly/Foyn Point_3h.csv,
Limbert,limbert,excluded,False,103.49186799431256,-75.91,-59.26,40.0,AMRC,1995-11-01T00:00:00,2012-12-31T21:00:00,17.169062286105408,50168,50168,1.0,0.47374820602774675,0.5773002710891405,0.30027108914048795,0.5410819645989475,0.4731003827140807,0.30027108914048795,/home/horeb/_code/microclimate_demo/data/AntAWS/3_hourly/Limbert_3h.csv,
Brianna,brianna,excluded,False,102.03361466821886,-83.89,-134.18,520.0,AMRC,1994-11-01T00:00:00,2015-12-31T21:00:00,21.166324435318277,61848,61848,1.0,0.4803550640279395,0.4292458931574182,0.40793558401241753,0.2834529815030397,0.4002473806752037,0.2834529815030397,/home/horeb/_code/microclimate_demo/data/AntAWS/3_hourly/Brianna_3h.csv,
Windless Bight,windless_bight,excluded,False,101.99894699894699,-77.73,167.67,40.0,AMRC,1983-01-01T00:00:00,2021-12-31T21:00:00,39.00068446269678,113960,113960,1.0,0.3300719550719551,0.5127062127062127,0.4546156546156546,0.4524921024921025,0.4374714812214812,0.3300719550719551,/home/horeb/_code/microclimate_demo/data/AntAWS/3_hourly/Windless Bight_3h.csv,
Lucia,lucia,excluded,False,101.72970896507857,-74.95,161.77,1250.0,PNRA,2008-12-11T00:00:00,2021-12-14T21:00:00,13.010266940451745,38016,38016,1.0,0.655697601010101,0.3394360269360269,0.34711700336700335,0.6304187710437711,0.49316735058922556,0.3394360269360269,/home/horeb/_code/microclimate_demo/data/AntAWS/3_hourly/Lucia_3h.csv,
Uranus Glacier,uranus_glacier,excluded,False,101.38508622036261,-71.36,-68.8,753.0,AMRC,1986-03-01T00:00:00,2003-02-28T21:00:00,16.999315537303218,49672,49672,1.0,0.5907754871960058,0.7088701884361411,0.40503704300209376,0.0,0.4261706796585602,0.0,/home/horeb/_code/microclimate_demo/data/AntAWS/3_hourly/Uranus Glacier_3h.csv,
Hugo Island,hugo_island,excluded,False,101.27738720226125,-64.96,-65.67,25.0,AMRC,2009-04-01T00:00:00,2020-05-26T21:00:00,11.154004106776181,32592,32592,1.0,0.6253988708885616,0.6061610211094747,0.38248649975454097,0.5193298969072165,0.5333440721649484,0.38248649975454097,/home/horeb/_code/microclimate_demo/data/AntAWS/3_hourly/Hugo Island_3h.csv,
Mt.Fleming,mt_fleming,excluded,False,101.19496216931554,-77.53,160.28,1868.0,AMRC,2008-01-01T00:00:00,2011-01-31T21:00:00,3.0855578370978782,9016,9016,1.0,0.6793478260869565,0.7339174800354925,0.5745341614906833,0.7338065661047027,0.6804015084294588,0.5745341614906833,/home/horeb/_code/microclimate_demo/data/AntAWS/3_hourly/Mt. Fleming_3h.csv,
Panda,panda,excluded,False,100.7618305375294,-73.69,76.97,2584.0,AAD,2008-01-01T00:00:00,2021-12-31T21:00:00,14.001368925393566,40912,40912,1.0,0.5445834962847086,0.6090144700821275,0.19529722330856472,0.6168850215095816,0.4914450527962456,0.19529722330856472,/home/horeb/_code/microclimate_demo/data/AntAWS/3_hourly/Panda_3h.csv,
Recovery Lakes 2,recovery_lakes_2,excluded,False,100.76182404837029,-81.71,8.58,2473.0,POLENET,2009-01-27T00:00:00,2012-03-19T21:00:00,3.143052703627652,9184,9184,1.0,0.5979965156794426,0.9119120209059234,0.3592116724738676,0.9119120209059234,0.6952580574912892,0.3592116724738676,/home/horeb/_code/microclimate_demo/data/AntAWS/3_hourly/Recovery Lakes 2_3h.csv,
Tiffany,tiffany,excluded,False,100.56224537472694,-77.95,166.17,25.0,AMRC,1984-01-01T00:00:00,1985-12-31T21:00:00,2.001368925393566,5848,5848,1.0,0.6268809849521204,0.9158686730506156,0.463406292749658,0.829343365253078,0.708874829001368,0.463406292749658,/home/horeb/_code/microclimate_demo/data/AntAWS/3_hourly/Tiffany_3h.csv,
Lanyon,lanyon,excluded,False,100.4306737750606,-66.28,110.8,390.0,AAD,1991-02-22T00:00:00,2008-04-24T21:00:00,17.17180013689254,50176,50176,1.0,0.5793207908163265,0.26949139030612246,0.18943319515306123,0.6259167729591837,0.41604053730867346,0.18943319515306123,/home/horeb/_code/microclimate_demo/data/AntAWS/3_hourly/Lanyon_3h.csv,
Mount Walcott,mount_walcott,excluded,False,99.98091026017103,-85.4,-87.39,1849.0,POLENET,2014-01-03T00:00:00,2019-12-26T21:00:00,5.979466119096509,17472,17472,1.0,0.6862980769230769,0.7055288461538461,0.33722527472527475,0.7055288461538461,0.608645260989011,0.33722527472527475,/home/horeb/_code/microclimate_demo/data/AntAWS/3_hourly/Mount Walcott_3h.csv,
GF08,gf08,excluded,False,99.96929541047189,-68.49,102.18,2123.0,AAD,1986-10-28T00:00:00,2007-12-31T21:00:00,21.177275838466805,61880,61880,1.0,0.541273432449903,0.5975759534583064,0.3032482223658694,0.015400775694893343,0.36437459599224303,0.015400775694893343,/home/horeb/_code/microclimate_demo/data/AntAWS/3_hourly/GF08_3h.csv,
Toney Mountain,toney_mountain,excluded,False,99.61365951319351,-75.8,-114.66,1197.0,POLENET,2012-12-03T00:00:00,2019-12-19T21:00:00,7.044490075290897,20584,20584,1.0,0.7015643218033424,0.7395549941702293,0.13874854255732608,0.7395549941702293,0.5798557131752817,0.13874854255732608,/home/horeb/_code/microclimate_demo/data/AntAWS/3_hourly/Toney Mountain_3h.csv,
Leppard Glacier,leppard_glacier,excluded,False,98.92840061973945,-65.95,-62.88,612.0,POLENET,2010-02-13T00:00:00,2013-05-22T21:00:00,3.271731690622861,9560,9560,1.0,0.6011506276150628,0.7624476987447699,0.568723849372385,0.7619246861924687,0.6735617154811715,0.568723849372385,/home/horeb/_code/microclimate_demo/data/AntAWS/3_hourly/Leppard Glacier_3h.csv,
Haag Nunatak,haag_nunatak,excluded,False,98.68076849217692,-77.04,-78.29,1197.0,POLENET,2010-01-16T00:00:00,2019-12-26T21:00:00,9.943874058863791,29056,29056,1.0,0.5749587004405287,0.6328469162995595,0.33610958149779735,0.6328469162995595,0.5441905286343612,0.33610958149779735,/home/horeb/_code/microclimate_demo/data/AntAWS/3_hourly/Haag Nunatak_3h.csv,
DSS,dss,excluded,False,98.50755901864184,-66.8,112.81,1376.0,AAD,1997-12-20T00:00:00,2005-03-02T21:00:00,7.200547570157426,21040,21040,1.0,0.6086501901140684,0.6888783269961977,0.38241444866920155,0.6756653992395437,0.5889020912547528,0.38241444866920155,/home/horeb/_code/microclimate_demo/data/AntAWS/3_hourly/DSS_3h.csv,
Manning,manning,excluded,False,97.90532531373624,-78.75,166.85,66.0,AMRC,1980-12-01T00:00:00,1986-01-31T21:00:00,5.169062286105407,15104,15104,1.0,0.7084216101694916,0.9709348516949152,0.7149099576271186,0.0,0.5985666048728814,0.0,/home/horeb/_code/microclimate_demo/data/AntAWS/3_hourly/Manning_3h.csv,
Austin,austin,excluded,False,97.76353618376271,-75.99,-87.48,1292.0,AMRC,2015-12-01T00:00:00,2021-10-31T21:00:00,5.919233401779603,17296,17296,1.0,0.5746415356151712,0.6727567067530065,0.5437673450508789,0.6711956521739131,0.6155903098982424,0.5437673450508789,/home/horeb/_code/microclimate_demo/data/AntAWS/3_hourly/Austin_3h.csv,
Carolyn,carolyn,excluded,False,96.57455138141351,-79.9,175.95,52.0,AMRC,2005-02-01T00:00:00,2014-11-30T21:00:00,9.828884325804244,28720,28720,1.0,0.4917130919220056,0.6269150417827298,0.4704735376044568,0.5958565459610028,0.5462395543175488,0.4704735376044568,/home/horeb/_code/microclimate_demo/data/AntAWS/3_hourly/Carolyn_3h.csv,
Cape Hallett,cape_hallett,excluded,False,96.4301385111597,-72.32,170.23,1.0,AMRC,2011-01-01T00:00:00,2020-02-29T21:00:00,9.163586584531142,26776,26776,1.0,0.4867045115028384,0.6244771437107858,0.5020167314012548,0.6242157155661787,0.5593535255452644,0.4867045115028384,/home/horeb/_code/microclimate_demo/data/AntAWS/3_hourly/Cape Hallett_3h.csv,
Pegasus,pegasus,excluded,False,96.34794614309959,-78.0,166.64,10.0,AMRC,1989-01-01T00:00:00,1989-12-31T21:00:00,0.999315537303217,2920,2920,1.0,0.6417808219178082,0.7941780821917809,0.5085616438356164,0.7876712328767124,0.6830479452054794,0.5085616438356164,/home/horeb/_code/microclimate_demo/data/AntAWS/3_hourly/Pegasus_3h.csv,
Asgard,asgard,excluded,False,95.67317147236602,-77.6,161.07,1750.0,AMRC,1980-02-01T00:00:00,1982-12-31T21:00:00,2.915811088295688,8520,8520,1.0,0.8368544600938967,0.9721830985915493,0.5477699530516432,0.0,0.5892018779342723,0.0,/home/horeb/_code/microclimate_demo/data/AntAWS/3_hourly/Asgard_3h.csv,
Irene,irene,excluded,False,95.6033919112188,-71.65,148.66,2094.0,PNRA,2001-01-01T00:00:00,2015-03-23T21:00:00,14.223134839151266,41560,41560,1.0,0.4131135707410972,0.5506977863330125,0.3271414821944177,0.582218479307026,0.46829282964388835,0.3271414821944177,/home/horeb/_code/microclimate_demo/data/AntAWS/3_hourly/Irene_3h.csv,
Noel,noel,excluded,False,95.57066715832298,-79.33,-111.08,1833.0,AMRC,2000-01-01T00:00:00,2000-07-31T21:00:00,0.5831622176591376,1704,1704,1.0,0.721830985915493,0.8538732394366197,0.6232394366197183,0.45539906103286387,0.6635856807511737,0.45539906103286387,/home/horeb/_code/microclimate_demo/data/AntAWS/3_hourly/Noel_3h.csv,
Jensen Nunatak,jensen_nunatak,excluded,False,94.22177593824543,-73.08,-66.1,1374.0,POLENET,2009-12-30T00:00:00,2010-12-31T21:00:00,1.0047912388774811,2936,2936,1.0,0.7806539509536785,0.8034741144414169,0.12023160762942779,0.8034741144414169,0.626958446866485,0.12023160762942779,/home/horeb/_code/microclimate_demo/data/AntAWS/3_hourly/Jensen Nunatak_3h.csv,
Recovery Lakes 1,recovery_lakes_1,excluded,False,93.9555245917669,-82.81,18.9,2694.0,POLENET,2009-01-10T00:00:00,2011-06-03T21:00:00,2.3956194387405887,7000,7000,1.0,0.603,0.858,0.24457142857142858,0.858,0.6408928571428572,0.24457142857142858,/home/horeb/_code/microclimate_demo/data/AntAWS/3_hourly/Recovery Lakes 1_3h.csv,
Shristi,shristi,excluded,False,93.18730188552706,-74.7,161.57,1200.0,AMRC,1988-01-01T00:00:00,1992-09-30T21:00:00,4.7501711156741955,13880,13880,1.0,0.6650576368876081,0.765850144092219,0.27636887608069166,0.5751440922190202,0.5706051873198847,0.27636887608069166,/home/horeb/_code/microclimate_demo/data/AntAWS/3_hourly/Shristi_3h.csv,
LGB59,lgb59,excluded,False,92.64079669984011,-73.45,76.79,2537.0,AAD,1994-01-25T00:00:00,2004-06-28T21:00:00,10.425735797399042,30464,30464,1.0,0.6426601890756303,0.7269235819327731,0.4593290441176471,0.0,0.45722820378151263,0.0,/home/horeb/_code/microclimate_demo/data/AntAWS/3_hourly/LGB59_3h.csv,
Dome F,dome_f,excluded,False,92.3263926667392,-77.31,39.7,3810.0,AMRC,1996-02-01T00:00:00,2021-03-31T21:00:00,25.163586584531142,73528,73528,1.0,0.3571836579262322,0.5770590795343271,0.4016293112827766,0.0,0.333968012185834,0.0,/home/horeb/_code/microclimate_demo/data/AntAWS/3_hourly/Dome F_3h.csv,
Santa Claus Island,santa_claus_island,excluded,False,92.20300195619564,-64.96,-65.67,25.0,AMRC,1994-12-01T00:00:00,2000-10-31T21:00:00,5.919233401779603,17296,17296,1.0,0.6137835337650324,0.7040356151711379,0.5134713228492137,0.3695074005550416,0.5501994680851063,0.3695074005550416,/home/horeb/_code/microclimate_demo/data/AntAWS/3_hourly/Santa Claus Island_3h.csv,
AuroraBN,aurorabn,excluded,False,91.44476734068841,-71.17,111.37,2714.0,AAD,2014-09-25T00:00:00,2021-12-31T21:00:00,7.268993839835729,21240,21240,1.0,0.6557909604519774,0.9226459510357815,0.44204331450094164,0.0,0.5051200564971752,0.0,/home/horeb/_code/microclimate_demo/data/AntAWS/3_hourly/AuroraBN_3h.csv,
Paola,paola,excluded,False,91.41528537930424,-72.83,159.19,2370.0,PNRA,2003-01-01T00:00:00,2020-12-31T21:00:00,18.001368925393567,52600,52600,1.0,0.36395437262357416,0.30197718631178705,0.25840304182509505,0.528212927756654,0.3631368821292775,0.25840304182509505,/home/horeb/_code/microclimate_demo/data/AntAWS/3_hourly/Paola_3h.csv,
Doug,doug,excluded,False,90.72384643810376,-82.32,-113.24,1433.0,AMRC,1994-11-01T00:00:00,2001-10-31T21:00:00,7.000684462696783,20456,20456,1.0,0.6022193977317168,0.5865760657019945,0.5725948377004302,0.30528940164254986,0.5166699256941728,0.30528940164254986,/home/horeb/_code/microclimate_demo/data/AntAWS/3_hourly/Doug_3h.csv,
Siple,siple,excluded,False,90.67589015525675,-75.9,-83.92,1054.0,AMRC,1982-01-01T00:00:00,1992-04-30T21:00:00,10.329911019849419,30184,30184,1.0,0.5729525576464352,0.6925523456135702,0.562185263715876,0.0,0.45692254174397035,0.0,/home/horeb/_code/microclimate_demo/data/AntAWS/3_hourly/Siple_3h.csv,
Dolleman Island,dolleman_island,excluded,False,90.36507288081673,-70.58,-60.92,396.0,AMRC,1986-02-01T00:00:00,1988-12-31T21:00:00,2.915811088295688,8520,8520,1.0,0.8251173708920188,0.9336854460093896,0.39741784037558686,0.0,0.5390551643192488,0.0,/home/horeb/_code/microclimate_demo/data/AntAWS/3_hourly/Dolleman Island_3h.csv,
Mulock,mulock,excluded,False,90.20720763201834,-79.03,160.19,378.0,AMRC,2006-10-01T00:00:00,2011-01-31T21:00:00,4.336755646817249,12672,12672,1.0,0.5973011363636364,0.66635101010101,0.3405145202020202,0.6598800505050505,0.5660116792929293,0.3405145202020202,/home/horeb/_code/microclimate_demo/data/AntAWS/3_hourly/Mulock_3h.csv,
Phoenix,phoenix,excluded,False,89.5314553781589,-77.95,166.76,10.0,AMRC,2017-11-01T00:00:00,2021-12-31T21:00:00,4.167008898015058,12176,12176,1.0,0.5091162943495401,0.6527595269382391,0.5350689881734559,0.6418363994743759,0.5846953022339028,0.5091162943495401,/home/horeb/_code/microclimate_demo/data/AntAWS/3_hourly/Phoenix_3h.csv,
Cape Adams,cape_adams,excluded,False,89.19775116006177,-75.01,-62.53,25.0,AMRC,1989-01-01T00:00:00,1992-09-30T21:00:00,3.7481177275838466,10952,10952,1.0,0.7297297297297297,0.9571767713659606,0.4514243973703433,0.0,0.5345827246165084,0.0,/home/horeb/_code/microclimate_demo/data/AntAWS/3_hourly/Cape Adams_3h.csv,
Ski-Hi,ski_hi,excluded,False,88.99551796248959,-74.98,-70.77,1395.0,AMRC,1994-02-01T00:00:00,1998-11-30T21:00:00,4.829568788501026,14112,14112,1.0,0.6284013605442177,0.8643707482993197,0.652281746031746,0.0,0.5362634637188208,0.0,/home/horeb/_code/microclimate_demo/data/AntAWS/3_hourly/Ski-Hi_3h.csv,
Fogle,fogle,excluded,False,88.96856385243882,-77.9,166.72,200.0,AMRC,1984-01-01T00:00:00,1985-01-31T21:00:00,1.0869267624914443,3176,3176,1.0,0.7695214105793451,0.8671284634760705,0.5664357682619647,0.09918136020151133,0.575566750629723,0.09918136020151133,/home/horeb/_code/microclimate_demo/data/AntAWS/3_hourly/Fogle_3h.csv,
Penguin Point,penguin_point,excluded,False,88.9662662172093,-67.62,146.18,30.0,AMRC,1992-12-01T00:00:00,2002-07-31T21:00:00,9.664613278576317,28240,28240,1.0,0.5889872521246459,0.6228045325779037,0.29961048158640224,0.28509206798866854,0.44912358356940507,0.28509206798866854,/home/horeb/_code/microclimate_demo/data/AntAWS/3_hourly/Penguin Point_3h.csv,
Racer Rock,racer_rock,excluded,False,88.82905968531482,-64.07,-61.61,17.0,AMRC,1989-10-01T00:00:00,2003-02-28T21:00:00,13.412731006160165,39192,39192,1.0,0.5779495815472545,0.4600428658909982,0.37119820371504386,0.09300367421922841,0.37554858134313124,0.09300367421922841,/home/horeb/_code/microclimate_demo/data/AntAWS/3_hourly/Racer Rock_3h.csv,
aws12,aws12,excluded,False,88.73528644098697,-78.65,35.63,3620.0,IMAU,2007-01-01T00:00:00,2016-12-31T21:00:00,10.001368925393566,29224,29224,1.0,0.4390227210511908,0.0,0.7368943334245825,0.7343621680810293,0.47756980563920065,0.0,/home/horeb/_code/microclimate_demo/data/AntAWS/3_hourly/aws12_3h.csv,
Swithinbank,swithinbank,excluded,False,88.61109424016125,-81.2,-126.18,959.0,AMRC,1997-01-01T00:00:00,2011-01-31T21:00:00,14.08350444900753,41152,41152,1.0,0.4317165629860031,0.34496500777604977,0.463744167962675,0.34562111197511663,0.39651171267496116,0.34496500777604977,/home/horeb/_code/microclimate_demo/data/AntAWS/3_hourly/Swithinbank_3h.csv,
Sky Blu,sky_blu,excluded,False,88.59418754399827,-74.79,-71.49,1510.0,AMRC,1999-02-01T00:00:00,2012-11-30T21:00:00,13.831622176591376,40416,40416,1.0,0.43544635787806807,0.4916617181314331,0.40649742676167855,0.26818586698337293,0.4004478424386382,0.26818586698337293,/home/horeb/_code/microclimate_demo/data/AntAWS/3_hourly/Sky Blu_3h.csv,
Mt.Erebus,mt_erebus,excluded,False,88.12431722594474,-77.53,167.13,3700.0,AMRC,1990-01-01T00:00:00,1990-10-31T21:00:00,0.8323066392881588,2432,2432,1.0,0.5160361842105263,0.9280427631578947,0.16858552631578946,0.9296875,0.6355879934210527,0.16858552631578946,/home/horeb/_code/microclimate_demo/data/AntAWS/3_hourly/Mt. Erebus_3h.csv,
D-17,d_17,excluded,False,88.022676587615,-66.73,139.7,438.0,AMRC,1980-01-01T00:00:00,1980-06-30T21:00:00,0.49828884325804246,1456,1456,1.0,0.790521978021978,0.8173076923076923,0.6826923076923077,0.0,0.5726304945054945,0.0,/home/horeb/_code/microclimate_demo/data/AntAWS/3_hourly/D-17_3h.csv,
Mount Paterson,mount_paterson,excluded,False,87.95904870065326,-78.03,-155.023,538.0,POLENET,2008-12-26T00:00:00,2017-12-02T21:00:00,8.936344969199178,26112,26112,1.0,0.4816942401960784,0.5365732230392157,0.3668428308823529,0.5366498161764706,0.48044002757352944,0.3668428308823529,/home/horeb/_code/microclimate_demo/data/AntAWS/3_hourly/Mount Paterson_3h.csv,
LGB00,lgb00,excluded,False,87.25563163639973,-68.66,61.11,1830.0,AAD,1982-01-05T00:00:00,2009-08-07T21:00:00,27.589322381930184,80616,80616,1.0,0.35330455492706164,0.4629105884687903,0.3207055671330753,0.0,0.2842301776322318,0.0,/home/horeb/_code/microclimate_demo/data/AntAWS/3_hourly/LGB00_3h.csv,
AGO-5,ago_5,excluded,False,87.16855069231718,-77.24,123.52,3519.0,AMRC,2020-01-01T00:00:00,2020-08-31T21:00:00,0.6680355920602327,1952,1952,1.0,0.6823770491803278,0.8417008196721312,0.826844262295082,0.0,0.5877305327868853,0.0,/home/horeb/_code/microclimate_demo/data/AntAWS/3_hourly/AGO-5_3h.csv,
D-85,d_85,excluded,False,86.84712860809161,-70.43,134.15,2651.0,AMRC,2008-12-01T00:00:00,2021-12-31T21:00:00,13.084188911704311,38232,38232,1.0,0.4084536513915045,0.6039181837204436,0.571798493408663,0.03452605147520402,0.40467409499895374,0.03452605147520402,/home/horeb/_code/microclimate_demo/data/AntAWS/3_hourly/D-85_3h.csv,
Sandra,sandra,excluded,False,86.32750012222547,-74.49,160.49,1525.0,AMRC,1988-01-01T00:00:00,1995-08-31T21:00:00,7.665982203969883,22400,22400,1.0,0.5867857142857142,0.6867410714285714,0.5795089285714285,0.0,0.46325892857142853,0.0,/home/horeb/_code/microclimate_demo/data/AntAWS/3_hourly/Sandra_3h.csv,
Sutton,sutton,excluded,False,85.98124528335002,-67.08,141.37,871.0,AMRC,1994-12-01T00:00:00,2000-12-31T21:00:00,6.0862422997946615,17784,17784,1.0,0.568544759334233,0.5976158344579398,0.20737741790373368,0.6102676563202879,0.49595141700404866,0.20737741790373368,/home/horeb/_code/microclimate_demo/data/AntAWS/3_hourly/Sutton_3h.csv,
GC41,gc41,excluded,False,84.53947368421052,-71.6,111.26,2791.0,AAD,1984-10-29T00:00:00,2005-12-30T21:00:00,21.17180013689254,61864,61864,1.0,0.1947336092072934,0.6528190870296133,0.3392926419242209,0.0,0.2967113345402819,0.0,/home/horeb/_code/microclimate_demo/data/AntAWS/3_hourly/GC41_3h.csv,
AGO Site,ago_site,excluded,False,84.26180077828371,-77.52,-23.74,1545.0,AMRC,1991-01-01T00:00:00,1992-12-31T21:00:00,2.001368925393566,5848,5848,1.0,0.7417920656634747,0.9596443228454172,0.36713406292749656,0.0,0.5171426128590971,0.0,/home/horeb/_code/microclimate_demo/data/AntAWS/3_hourly/AGO Site_3h.csv,
White Island,white_island,excluded,False,84.16708669354838,-78.08,167.45,686.0,AMRC,1998-12-01T00:00:00,2021-12-31T21:00:00,23.085557837097877,67456,67456,1.0,0.3008776091081594,0.31048387096774194,0.1530034392789374,0.3014409392789374,0.26645146465844405,0.1530034392789374,/home/horeb/_code/microclimate_demo/data/AntAWS/3_hourly/White Island_3h.csv,
aws10,aws10,excluded,False,83.95274398761357,-79.57,-45.78,890.0,IMAU,1995-01-01T00:00:00,2005-12-31T21:00:00,11.000684462696784,32144,32144,1.0,0.5104218516674963,0.5886324041811847,0.32360627177700346,0.1449726231956197,0.39190828770532604,0.1449726231956197,/home/horeb/_code/microclimate_demo/data/AntAWS/3_hourly/aws10_3h.csv,
Mount Howe,mount_howe,excluded,False,83.54994158878505,-87.32,-149.55,2400.0,AMRC,1992-01-01T00:00:00,2020-02-14T21:00:00,28.123203285420946,82176,82176,1.0,0.32462032710280375,0.2940882982866044,0.10456824376947041,0.2941004672897196,0.2543443341121495,0.10456824376947041,/home/horeb/_code/microclimate_demo/data/AntAWS/3_hourly/Mount Howe_3h.csv,
Mount Siple,mount_siple,excluded,False,82.05055529847293,-73.2,-127.05,230.0,AMRC,1992-02-01T00:00:00,2021-08-31T21:00:00,29.582477754962355,86440,86440,1.0,0.4463789912077742,0.3892642295233688,0.0,0.0,0.20891080518278576,0.0,/home/horeb/_code/microclimate_demo/data/AntAWS/3_hourly/Mount Siple_3h.csv,
LGB10,lgb10,excluded,False,81.86385865616087,-71.29,59.21,2620.0,AAD,1990-01-01T00:00:00,2006-05-08T21:00:00,16.35044490075291,47776,47776,1.0,0.35536671131949094,0.5652001004688546,0.2905852310783657,0.0,0.3027880107166778,0.0,/home/horeb/_code/microclimate_demo/data/AntAWS/3_hourly/LGB10_3h.csv,
A028,a028,excluded,False,81.65289952798382,-68.41,112.22,1622.0,AAD,1985-04-12T00:00:00,2005-07-30T21:00:00,20.301163586584533,59320,59320,1.0,0.22071813890761968,0.35136547538772755,0.2748988536749831,0.19841537424140257,0.26134946055293323,0.19841537424140257,/home/horeb/_code/microclimate_demo/data/AntAWS/3_hourly/A028_3h.csv,
Port Martin,port_martin,excluded,False,81.56334013740914,-66.82,141.39,39.0,AMRC,1990-01-01T00:00:00,2017-06-30T21:00:00,27.496235455167692,80344,80344,1.0,0.31157273722991136,0.26339241262570945,0.06736035049288061,0.3086353679179528,0.23774021706661352,0.06736035049288061,/home/horeb/_code/microclimate_demo/data/AntAWS/3_hourly/Port Martin_3h.csv,
LGB46,lgb46,excluded,False,80.57960854193685,-75.85,71.5,2352.0,AAD,1994-01-07T00:00:00,1997-05-06T21:00:00,3.3292265571526354,9728,9728,1.0,0.6486430921052632,0.7669613486842105,0.4925986842105263,0.0,0.47705078125,0.0,/home/horeb/_code/microclimate_demo/data/AntAWS/3_hourly/LGB46_3h.csv,
Eder,eder,excluded,False,79.45743263199347,-66.96,143.94,52.0,AAD,1999-08-09T00:00:00,2000-10-19T21:00:00,1.1991786447638604,3504,3504,1.0,0.5921803652968036,0.5870433789954338,0.4046803652968037,0.5062785388127854,0.5225456621004566,0.4046803652968037,/home/horeb/_code/microclimate_demo/data/AntAWS/3_hourly/Eder_3h.csv,
Meeley,meeley,excluded,False,79.32629381694659,-78.52,170.18,49.0,AMRC,1980-12-01T00:00:00,1985-12-31T21:00:00,5.084188911704312,14856,14856,1.0,0.5726978998384491,0.7215939687668282,0.49932687129779213,0.0,0.44840468497576735,0.0,/home/horeb/_code/microclimate_demo/data/AntAWS/3_hourly/Meeley_3h.csv,
Latady,latady,excluded,False,79.32302361396304,-72.69,-78.03,200.0,BAS,2005-01-07T00:00:00,2006-01-31T21:00:00,1.0677618069815196,3120,3120,1.0,0.3211538461538462,0.9935897435897436,0.7009615384615384,0.3506410256410256,0.5915865384615384,0.3211538461538462,/home/horeb/_code/microclimate_demo/data/AntAWS/3_hourly/Latady_3h.csv,
MtBrown,mtbrown,excluded,False,78.81056116495726,-69.13,86.0,2064.0,AAD,1998-12-23T00:00:00,2011-10-09T21:00:00,12.796714579055442,37392,37392,1.0,0.28495400085579803,0.6693677792041078,0.4075470688917415,0.08186243046640992,0.36093281985451436,0.08186243046640992,/home/horeb/_code/microclimate_demo/data/AntAWS/3_hourly/MtBrown_3h.csv,
E-66,e_66,excluded,False,78.7502707337153,-68.91,134.62,2485.0,AMRC,2008-01-01T00:00:00,2011-11-30T21:00:00,3.915126625598905,11440,11440,1.0,0.4895979020979021,0.631993006993007,0.604458041958042,0.22115384615384615,0.48680069930069936,0.22115384615384615,/home/horeb/_code/microclimate_demo/data/AntAWS/3_hourly/E-66_3h.csv,
LawDome,lawdome,excluded,False,78.67541265350533,-66.73,112.74,1376.0,AAD,1986-04-17T00:00:00,1998-07-02T21:00:00,12.210814510609172,35680,35680,1.0,0.5632567264573991,0.37620515695067264,0.25737107623318384,0.010061659192825112,0.30172365470852014,0.010061659192825112,/home/horeb/_code/microclimate_demo/data/AntAWS/3_hourly/LawDome_3h.csv,
Rumdoodle,rumdoodle,excluded,False,77.32179964447333,-67.72,62.81,430.0,AAD,2000-02-01T00:00:00,2001-12-26T21:00:00,1.9028062970568105,5560,5560,1.0,0.6226618705035971,0.6473021582733813,0.0,0.6480215827338129,0.47949640287769785,0.0,/home/horeb/_code/microclimate_demo/data/AntAWS/3_hourly/Rumdoodle_3h.csv,
J.C.,j_c,excluded,False,76.83039820526245,-85.07,-135.52,549.0,AMRC,1994-11-01T00:00:00,1997-07-31T21:00:00,2.74880219028063,8032,8032,1.0,0.5195468127490039,0.5596364541832669,0.2961902390438247,0.5583914342629482,0.483441235059761,0.2961902390438247,/home/horeb/_code/microclimate_demo/data/AntAWS/3_hourly/J.C._3h.csv,
Cape Denison,cape_denison,excluded,False,76.63709573921972,-67.01,142.66,31.0,AMRC,1990-01-01T00:00:00,2021-12-31T21:00:00,32.0,93504,93504,1.0,0.2701916495550992,0.2824157255304586,0.05602968856947296,0.18665511635865845,0.1988230450034223,0.05602968856947296,/home/horeb/_code/microclimate_demo/data/AntAWS/3_hourly/Cape Denison_3h.csv,
Cape Webb,cape_webb,excluded,False,76.26473491451719,-67.94,146.81,37.0,AMRC,1995-01-01T00:00:00,1997-03-31T21:00:00,2.2477754962354553,6568,6568,1.0,0.5650121802679658,0.607795371498173,0.10535931790499391,0.6275883069427527,0.47643879415347135,0.10535931790499391,/home/horeb/_code/microclimate_demo/data/AntAWS/3_hourly/Cape Webb_3h.csv,
Mount Carbone,mount_carbone,excluded,False,76.10869823000348,-76.32,-144.3,965.0,POLENET,2010-01-06T00:00:00,2014-09-11T21:00:00,4.681724845995893,13680,13680,1.0,0.43494152046783624,0.5916666666666667,0.3259502923976608,0.48230994152046786,0.45871710526315795,0.3259502923976608,/home/horeb/_code/microclimate_demo/data/AntAWS/3_hourly/Mount Carbone_3h.csv,
D-80,d_80,excluded,False,75.55199328012941,-70.04,134.88,2500.0,AMRC,1983-01-01T00:00:00,1996-03-31T21:00:00,13.248459958932239,38712,38712,1.0,0.34498346765860716,0.44459082455052695,0.42764517462285595,0.0,0.3043048667079975,0.0,/home/horeb/_code/microclimate_demo/data/AntAWS/3_hourly/D-80_3h.csv,
Young Island,young_island,excluded,False,75.18072950419685,-66.23,162.28,30.0,AMRC,1991-01-01T00:00:00,1997-12-31T21:00:00,7.000684462696783,20456,20456,1.0,0.6695834962847086,0.7080074305827141,0.0,0.0,0.34439773171685567,0.0,/home/horeb/_code/microclimate_demo/data/AntAWS/3_hourly/Young Island_3h.csv,
D-57,d_57,excluded,False,75.17783509457271,-68.2,137.54,2105.0,AMRC,1981-01-01T00:00:00,2000-01-31T21:00:00,19.082819986310746,55760,55760,1.0,0.2371054519368723,0.2817431850789096,0.2578909612625538,0.06664275466284074,0.2108455882352941,0.06664275466284074,/home/horeb/_code/microclimate_demo/data/AntAWS/3_hourly/D-57_3h.csv,
aws13,aws13,excluded,False,74.97129807788386,-82.12,55.03,3730.0,IMAU,2008-01-01T00:00:00,2016-12-31T21:00:00,9.00205338809035,26304,26304,1.0,0.6698220802919708,0.0,0.0201110097323601,0.5189324817518248,0.3022163929440389,0.0,/home/horeb/_code/microclimate_demo/data/AntAWS/3_hourly/aws13_3h.csv,
B9Berg,b9berg,excluded,False,74.80792318114722,-67.24,148.46,35.0,AAD,2002-11-05T00:00:00,2005-07-08T21:00:00,2.674880219028063,7816,7816,1.0,0.584186284544524,0.6884595701125895,0.5214943705220061,0.0,0.4485350562947799,0.0,/home/horeb/_code/microclimate_demo/data/AntAWS/3_hourly/B9Berg_3h.csv,
AGO-A81,ago_a81,excluded,False,74.39589134857904,-81.5,3.74,2410.0,AMRC,1993-01-01T00:00:00,1993-12-31T21:00:00,0.999315537303217,2920,2920,1.0,0.5989726027397261,0.6523972602739726,0.6455479452054794,0.0,0.4742294520547945,0.0,/home/horeb/_code/microclimate_demo/data/AntAWS/3_hourly/AGO-A81_3h.csv,
Ranvik,ranvik,excluded,False,73.92386788434017,-68.86,78.04,339.0,AAD,2000-02-04T00:00:00,2002-01-18T21:00:00,1.9575633127994525,5720,5720,1.0,0.5910839160839161,0.6096153846153847,0.0,0.6085664335664336,0.4523164335664336,0.0,/home/horeb/_code/microclimate_demo/data/AntAWS/3_hourly/Ranvik_3h.csv,
Nancy,nancy,excluded,False,73.36518672101383,-77.91,168.17,25.0,AMRC,1983-01-01T00:00:00,1983-11-30T21:00:00,0.9144421629021219,2672,2672,1.0,0.4356287425149701,0.9210329341317365,0.6691616766467066,0.0,0.5064558383233533,0.0,/home/horeb/_code/microclimate_demo/data/AntAWS/3_hourly/Nancy_3h.csv,
LGB20,lgb20,excluded,False,72.73116458659334,-73.83,55.67,2741.0,AAD,1991-01-18T00:00:00,2004-09-01T21:00:00,13.623545516769337,39808,39808,1.0,0.4533510852090032,0.03572146302250804,0.476939308681672,0.0,0.2415029642282958,0.0,/home/horeb/_code/microclimate_demo/data/AntAWS/3_hourly/LGB20_3h.csv,
Halley Bay,halley_bay,excluded,False,72.6762724783772,-75.5,-26.65,52.0,AMRC,1990-03-01T00:00:00,1990-11-30T21:00:00,0.7529089664613279,2200,2200,1.0,0.6768181818181818,0.7713636363636364,0.32181818181818184,0.0,0.4425,0.0,/home/horeb/_code/microclimate_demo/data/AntAWS/3_hourly/Halley Bay_3h.csv,
Scott Island,scott_island,excluded,False,71.34368304078718,-67.37,-179.97,30.0,AMRC,1988-01-01T00:00:00,1999-03-31T21:00:00,11.247091033538672,32864,32864,1.0,0.4967745861733204,0.5422955209347614,0.018135345666991237,0.0,0.26430136319376824,0.0,/home/horeb/_code/microclimate_demo/data/AntAWS/3_hourly/Scott Island_3h.csv,
Apfel,apfel,excluded,False,70.42688395301653,-66.34,100.81,150.0,AAD,2000-01-05T00:00:00,2001-07-17T21:00:00,1.5331964407939767,4480,4480,1.0,0.5964285714285714,0.6332589285714286,0.0,0.46830357142857143,0.4244977678571429,0.0,/home/horeb/_code/microclimate_demo/data/AntAWS/3_hourly/Apfel_3h.csv,
Alexander (TT!),alexander_tt,excluded,False,69.376742606856,-79.0,170.76,55.0,AMRC,2011-02-01T00:00:00,2013-02-28T21:00:00,2.078028747433265,6072,6072,1.0,0.411231884057971,0.4795783926218709,0.4272068511198946,0.4795783926218709,0.44939888010540185,0.411231884057971,/home/horeb/_code/microclimate_demo/data/AntAWS/3_hourly/Alexander (TT!)_3h.csv,
Jimmy,jimmy,excluded,False,68.37316188467126,-77.87,166.81,200.0,AMRC,1981-12-01T00:00:00,1990-04-30T21:00:00,8.413415468856947,24584,24584,1.0,0.388870810283111,0.42836804425642694,0.34636348844777093,0.10938008460787504,0.31824560689879594,0.10938008460787504,/home/horeb/_code/microclimate_demo/data/AntAWS/3_hourly/Jimmy_3h.csv,
Panda_South,panda_south,excluded,False,63.86641944292707,-82.33,75.99,4027.0,CHINARE/AMRC,2008-01-14T00:00:00,2021-12-31T21:00:00,13.96577686516085,40808,40808,1.0,0.16195353852185845,0.23948735542050578,0.23206234071750637,0.2419378553224858,0.2188602724955891,0.16195353852185845,/home/horeb/_code/microclimate_demo/data/AntAWS/3_hourly/Panda_South_3h.csv,
Sushila,sushila,excluded,False,63.3120681797842,-74.41,161.31,1441.0,AMRC,1988-01-01T00:00:00,1991-09-30T21:00:00,3.7481177275838466,10952,10952,1.0,0.5399013878743608,0.16800584368151936,0.5848246895544192,0.0,0.32318298027757486,0.0,/home/horeb/_code/microclimate_demo/data/AntAWS/3_hourly/Sushila_3h.csv,
AWS_A,aws_a,excluded,False,62.829110526661225,-75.55,-27.45,,BAS,2015-01-01T00:00:00,2015-12-31T21:00:00,0.999315537303217,2920,2920,1.0,0.7626712328767123,0.0,0.5078767123287671,0.0,0.31763698630136983,0.0,/home/horeb/_code/microclimate_demo/data/AntAWS/3_hourly/AWS_A_3h.csv,
Buckle Island,buckle_island,excluded,False,62.48372713622229,-66.87,163.24,520.0,AMRC,1987-01-01T00:00:00,1988-07-31T21:00:00,1.5824777549623545,4624,4624,1.0,0.5460640138408305,0.8127162629757786,0.06790657439446367,0.0,0.35667171280276816,0.0,/home/horeb/_code/microclimate_demo/data/AntAWS/3_hourly/Buckle Island_3h.csv,
Laurie,laurie,excluded,False,61.95691916264222,-77.55,170.09,25.0,AMRC,1981-12-15T00:00:00,1986-01-31T21:00:00,4.131416837782341,12072,12072,1.0,0.3790589794565938,0.3421968190854871,0.41600397614314116,0.23144466534128563,0.3421761100066269,0.23144466534128563,/home/horeb/_code/microclimate_demo/data/AntAWS/3_hourly/Laurie_3h.csv,
Jurassic,jurassic,excluded,False,61.70337022163266,-74.54,-73.21,1361.0,BAS,2005-02-07T00:00:00,2012-11-01T21:00:00,7.734428473648186,22600,22600,1.0,0.2752654867256637,0.34938053097345134,0.20106194690265486,0.3484070796460177,0.2935287610619469,0.20106194690265486,/home/horeb/_code/microclimate_demo/data/AntAWS/3_hourly/Jurassic_3h.csv,
Dome Fuji,dome_fuji,excluded,False,61.590250228867866,-77.31,39.7,3810.0,AMRC,1995-02-01T00:00:00,2021-12-31T21:00:00,26.915811088295687,78648,78648,1.0,0.10824178618655274,0.1078603397416336,0.13926609703997558,0.0,0.08884205574204049,0.0,/home/horeb/_code/microclimate_demo/data/AntAWS/3_hourly/Dome Fuji_3h.csv,
AWS_B,aws_b,excluded,False,60.1065077869352,-75.58,-26.79,,BAS,2015-01-01T00:00:00,2015-12-31T21:00:00,0.999315537303217,2920,2920,1.0,0.7373287671232877,0.0,0.44965753424657534,0.0,0.29674657534246573,0.0,/home/horeb/_code/microclimate_demo/data/AntAWS/3_hourly/AWS_B_3h.csv,
Ferrell II,ferrell_ii,excluded,False,59.55071288371048,-77.83,170.82,45.0,AMRC,2011-02-01T00:00:00,2014-07-31T21:00:00,3.4962354551676933,10216,10216,1.0,0.31597494126859826,0.38106891151135475,0.3082419733750979,0.38106891151135475,0.3465886844166014,0.3082419733750979,/home/horeb/_code/microclimate_demo/data/AntAWS/3_hourly/Ferrell II_3h.csv,
Rothera,rothera,excluded,False,55.4905844643662,-67.57,-68.13,15.0,AMRC,1988-07-01T00:00:00,1988-10-31T21:00:00,0.33675564681724846,984,984,1.0,0.47560975609756095,0.5040650406504065,0.33739837398373984,0.0,0.3292682926829268,0.0,/home/horeb/_code/microclimate_demo/data/AntAWS/3_hourly/Rothera_3h.csv,
AM02,am02,excluded,False,55.37681181103869,-69.71,72.64,47.0,AAD,2001-01-10T00:00:00,2007-12-23T21:00:00,6.951403148528406,20312,20312,1.0,0.0,0.6428219771563608,0.5861067349350138,0.030031508467900748,0.31474005513981884,0.0,/home/horeb/_code/microclimate_demo/data/AntAWS/3_hourly/AM02_3h.csv,
Allison,allison,excluded,False,54.42356126415635,-89.88,-60.0,2835.0,AMRC,1986-01-01T00:00:00,1987-07-31T21:00:00,1.5797399041752225,4616,4616,1.0,0.4584055459272097,0.2887781629116118,0.4191941074523397,0.02577989601386482,0.29803942807625655,0.02577989601386482,/home/horeb/_code/microclimate_demo/data/AntAWS/3_hourly/Allison_3h.csv,
Kelly,kelly,excluded,False,54.38732970474342,-89.0,-179.61,2950.0,AMRC,1993-01-01T00:00:00,1993-12-31T21:00:00,0.999315537303217,2920,2920,1.0,0.3972602739726027,0.0,0.4400684931506849,0.46095890410958906,0.32457191780821915,0.0,/home/horeb/_code/microclimate_demo/data/AntAWS/3_hourly/Kelly_3h.csv,
Welch Mountains,welch_mountains,excluded,False,53.017250145688465,-70.73,-63.82,1534.0,POLENET,2010-01-10T00:00:00,2014-12-31T21:00:00,4.974674880219028,14536,14536,1.0,0.25687947165657676,0.2977435332966428,0.21347000550357734,0.2977435332966428,0.2664591359383599,0.21347000550357734,/home/horeb/_code/microclimate_demo/data/AntAWS/3_hourly/Welch Mountains_3h.csv,
Bowers,bowers,excluded,False,52.43141852781369,-85.2,163.4,2090.0,AMRC,1986-01-01T00:00:00,1986-08-31T21:00:00,0.6652977412731006,1944,1944,1.0,0.32150205761316875,0.35390946502057613,0.2926954732510288,0.3544238683127572,0.3306327160493827,0.2926954732510288,/home/horeb/_code/microclimate_demo/data/AntAWS/3_hourly/Bowers_3h.csv,
BrownGl,browngl,excluded,False,47.94015018277917,-53.09,73.64,640.0,AAD,2000-11-01T00:00:00,2002-08-31T21:00:00,1.8316221765913758,5352,5352,1.0,0.45646487294469357,0.0,0.014947683109118086,0.4431988041853513,0.22865284005979075,0.0,/home/horeb/_code/microclimate_demo/data/AntAWS/3_hourly/BrownGl_3h.csv,
Martha I,martha_i,excluded,False,45.08119438740589,-78.31,-172.5,42.0,AMRC,1984-01-01T00:00:00,1987-12-31T21:00:00,4.0,11688,11688,1.0,0.23921971252566734,0.3181895961670089,0.28661875427789185,0.0,0.21100701574264202,0.0,/home/horeb/_code/microclimate_demo/data/AntAWS/3_hourly/Martha I_3h.csv,
Recovery Glacier,recovery_glacier,excluded,False,43.95445393003479,-80.82,-22.26,1220.0,AMRC,1994-01-01T00:00:00,1995-12-31T21:00:00,1.998631074606434,5840,5840,1.0,0.3159246575342466,0.34571917808219177,0.22071917808219177,0.0,0.22059075342465753,0.0,/home/horeb/_code/microclimate_demo/data/AntAWS/3_hourly/Recovery Glacier_3h.csv,
AM01,am01,excluded,False,43.8678307007396,-69.44,71.42,65.0,AAD,2002-02-12T00:00:00,2006-12-06T21:00:00,4.815879534565366,14072,14072,1.0,0.0,0.6090818646958499,0.36036100056850484,0.0,0.2423607163160887,0.0,/home/horeb/_code/microclimate_demo/data/AntAWS/3_hourly/AM01_3h.csv,
Lyon Nunatak,lyon_nunatak,excluded,False,42.59578712648174,-74.83,-73.9,1191.0,POLENET,2009-12-31T00:00:00,2014-12-31T21:00:00,5.002053388090349,14616,14616,1.0,0.16735084838533115,0.20737547892720307,0.15483032293377122,0.20675971538040502,0.1840790914066776,0.15483032293377122,/home/horeb/_code/microclimate_demo/data/AntAWS/3_hourly/Lyon Nunatak_3h.csv,
Jennica,jennica,excluded,False,37.182708292569195,-74.69,164.12,20.0,PNRA,1999-01-01T00:00:00,2003-12-31T21:00:00,4.999315537303217,14608,14608,1.0,0.270605147864184,0.0,0.1461527929901424,0.0,0.1041894852135816,0.0,/home/horeb/_code/microclimate_demo/data/AntAWS/3_hourly/Jennica_3h.csv,
AGO-A84,ago_a84,excluded,False,34.974814664854286,-84.36,-23.86,2103.0,AMRC,1996-01-01T00:00:00,1998-11-30T21:00:00,2.915811088295688,8520,8520,1.0,0.21115023474178404,0.21502347417840376,0.1284037558685446,0.0,0.1386443661971831,0.0,/home/horeb/_code/microclimate_demo/data/AntAWS/3_hourly/AGO-A84_3h.csv,
Gould Knoll,gould_knoll,excluded,False,33.95393842504943,-72.23,-100.59,56.0,POLENET,2019-01-14T00:00:00,2020-01-07T21:00:00,0.9828884325804244,2872,2872,1.0,0.22701949860724233,0.23642061281337048,0.0,0.18906685236768803,0.16312674094707522,0.0,/home/horeb/_code/microclimate_demo/data/AntAWS/3_hourly/Gould Knoll_3h.csv,
