model,variant,pattern,rate,mae_mean_mean,mae_mean_std,mae_mean_count,rmse_mean_mean,rmse_mean_std,rmse_mean_count,mae_T_mean,mae_T_std,mae_T_count,mae_RH_mean,mae_RH_std,mae_RH_count,mae_wspd_mean,mae_wspd_std,mae_wspd_count,mae_P_mean,mae_P_std,mae_P_count,mae_q_mean,mae_q_std,mae_q_count,rmse_T_mean,rmse_T_std,rmse_T_count,rmse_RH_mean,rmse_RH_std,rmse_RH_count,rmse_wspd_mean,rmse_wspd_std,rmse_wspd_count,rmse_P_mean,rmse_P_std,rmse_P_count,rmse_q_mean,rmse_q_std,rmse_q_count
itransformer_era5,,long,0.2,0.26692964633305866,0.004868890318938676,3,0.3820975323518117,0.006102133418120949,3,0.16474885741869608,0.004193607691126603,3,0.46013020475705463,0.00422311434711995,3,0.4237681229909261,0.005092237249583425,3,0.06715871517856915,0.007336554661820195,3,0.21884235243002573,0.004805616140758799,3,0.22071977456410727,0.00599791243455775,3,0.6008846958478292,0.004955913778474959,3,0.6777762571970621,0.00886789697720306,3,0.09211843212445577,0.008115511740434966,3,0.31898850202560425,0.005421250892943588,3
itransformer_era5,,long,0.4,0.2610750198364258,0.00021387647406807852,3,0.37492193778355914,0.0005769072766112884,3,0.15973388652006784,7.631830181579935e-05,3,0.45562795797983807,0.0006358264558759579,3,0.4201705952485402,0.0010270218308342384,3,0.05576429391900698,0.0005349741402163255,3,0.21407844126224518,0.0016636143584545734,3,0.21538483599821726,0.000897060123895755,3,0.5981270472208658,0.00122399905032339,3,0.671733538309733,0.002395830442692341,3,0.07545709858338039,0.0021937561230075645,3,0.31390713651974994,0.0016542979964262552,3
itransformer_era5,,long,0.6,0.2601560254891713,0.0012023309846330098,3,0.37370481093724567,0.000999227218655927,3,0.1570266137520472,0.0007093023399389436,3,0.45489126443862915,0.0017319102887988372,3,0.42157981793085736,0.002024747759346628,3,0.05330997581283251,0.0004751714740015533,3,0.21397251387437186,0.002074848844116345,3,0.2122644086678823,0.0009294948322079071,3,0.5988658865292867,0.002615636033464181,3,0.6708962718645731,0.002137589835663082,3,0.07186536490917206,0.0008347537438506498,3,0.3146321475505829,0.0012053799889665563,3
itransformer_era5,,medium,0.2,0.26225024461746216,0.0007327046120404084,3,0.3738332192103068,0.0020118861072839114,3,0.16067343453566232,0.0008013890476727781,3,0.4522347648938497,0.0012974766012639834,3,0.41792812943458557,0.003949947394133464,3,0.06553315122922261,0.0021141969196447562,3,0.21488170325756073,0.0004213481183855705,3,0.2146665851275126,0.001260460111534069,3,0.592057486375173,0.0016935086791167858,3,0.665956974029541,0.00921555383518217,3,0.08445215970277786,0.0027791662327649866,3,0.31203291813532513,0.0012739661261170307,3
itransformer_era5,,medium,0.4,0.25943973660469055,0.0007871046850084292,3,0.37164082129796344,0.0011698199785202697,3,0.1580124000708262,0.0005842630618639222,3,0.4485193093617757,0.0021023928031639848,3,0.41823187470436096,0.0031595172734646833,3,0.05857172608375549,0.0012616228748595004,3,0.21386341750621796,0.0011250563942262152,3,0.21207465728123984,0.0001827147703687871,3,0.5895265539487203,0.002962148974396754,3,0.6683241526285807,0.0065117911523918,3,0.07632942497730255,0.0016447758090698602,3,0.3119493822256724,0.0007955696828407866,3
itransformer_era5,,medium,0.6,0.2592272063096364,0.0012175896190275387,3,0.3715150058269501,0.001097403186035671,3,0.15674249827861786,0.0009076555238888063,3,0.45045632123947144,0.004171080467079354,3,0.42092347145080566,0.0016536368314037902,3,0.05524310966332754,0.0007101299542916228,3,0.2127705862124761,0.0011455560323160984,3,0.2107830892006556,0.0010595140083887182,3,0.5916521747907003,0.0032823182811348686,3,0.670340915520986,0.002408011377343736,3,0.07252681752045949,0.001122776448887615,3,0.3122721016407013,0.0011755585915869725,3
itransformer_era5,,short,0.2,0.2521680990854899,0.0013109430356138848,3,0.36155184110005695,0.001723178814026144,3,0.15404072403907776,0.0024249346873458917,3,0.4268939296404521,0.0011749739800332904,3,0.40579158067703247,0.0016332020207152158,3,0.06624945004781087,0.002600002401210973,3,0.20786475638548532,0.0019561963134736436,3,0.20508096118768057,0.0028908342676436534,3,0.5637001792589823,0.0015808108477718583,3,0.6506897211074829,0.000985753279903672,3,0.0857736940185229,0.0034695995473757006,3,0.3025146424770355,0.0024699401515734794,3
itransformer_era5,,short,0.4,0.2506347397963206,0.0014081978648731396,3,0.3592848777770996,0.0015487569014624178,3,0.15132610003153482,0.0013129305186066228,3,0.4301768441994985,0.001303554980165594,3,0.4039244254430135,0.0016989227281164706,3,0.06149328127503395,0.0020646257923277937,3,0.20625296235084534,0.0010817899464333693,3,0.2026674449443817,0.0020347941839297793,3,0.5681079030036926,0.0012231951099870514,3,0.6446149945259094,0.005333135295218512,3,0.07973611851533254,0.002377850053016871,3,0.30129798253377277,0.0015382793382453714,3
itransformer_era5,,short,0.6,0.2511566678682963,0.0007469993194291001,3,0.3601805567741394,0.0012259652343573233,3,0.1512432744105657,0.0005135098908328326,3,0.43369053800900775,0.0019349272060142715,3,0.40854095419247943,0.0012932693493088458,3,0.055262586722771324,0.0007936259715502461,3,0.20704607168833414,0.0004983426864929849,3,0.20232054591178894,0.000818025091461096,3,0.5729565223058065,0.0016893915075248973,3,0.651491661866506,0.0028806715545177494,3,0.07172511518001556,0.001191929307787626,3,0.30240896344184875,0.0003732597539627986,3
saits_era5_concat,,long,0.2,0.2504914204279582,0.0324888912581638,3,0.4053666690985362,0.04065747270025572,3,0.13790575166543326,0.020772336554310204,3,0.2723290026187897,0.016475441877226722,3,0.63661261399587,0.09466054134503536,3,0.10298371811707814,0.05173001573128535,3,0.1026260107755661,0.00781840581465743,3,0.24485459427038828,0.05026911276447057,3,0.45878325899442035,0.028819761683550323,3,0.9000351627667745,0.10341236700880799,3,0.20202824473381042,0.06488402240533132,3,0.22113206485907236,0.02179842551704197,3
saits_era5_concat,,long,0.4,0.3269506096839905,0.032012872177996525,3,0.48832260568936664,0.04410039605560575,3,0.1827002912759781,0.012860820294989,3,0.44001691540082294,0.0067723156794723995,3,0.7295743624369303,0.15576810737918625,3,0.10583469520012538,0.01328034930610881,3,0.17662685612837473,0.00749192929585178,3,0.28406913081804913,0.027638308742595197,3,0.6143905321756998,0.025381590185422846,3,1.0474503636360168,0.20967081096716883,3,0.19312954445679983,0.029821508609485965,3,0.30257339278856915,0.01555253187494726,3
saits_era5_concat,,long,0.6,0.31974860032399494,0.01606158701208034,3,0.4719422459602356,0.01263081755060667,3,0.21026543776194254,0.013522994890356304,3,0.5373566945393881,0.009951610364879014,3,0.5098440945148468,0.08308570616190189,3,0.11464441816012065,0.013696679385094073,3,0.2266323963801066,0.0032715963669362595,3,0.3088913857936859,0.030179667116834803,3,0.7039231856664022,0.016624825408092524,3,0.779197633266449,0.07019212897389206,3,0.22366665303707123,0.037924584212679024,3,0.34403226772944134,0.014058887007018092,3
saits_era5_concat,,medium,0.2,0.17378481725851694,0.011111457469410214,3,0.2925874690214793,0.011173749913589184,3,0.09516978512207667,0.0009637003802852302,3,0.23418947557608286,0.008282300572659228,3,0.43653590480486554,0.04605214917993976,3,0.028490491211414337,0.004485516569705792,3,0.07453843702872594,0.002309954936639845,3,0.16834619144598642,0.0035776157663165685,3,0.4105170468489329,0.011393315466312833,3,0.6638510823249817,0.037488354228145095,3,0.052450042217969894,0.005136281418573531,3,0.16777295370896658,0.005417960920221078,3
saits_era5_concat,,medium,0.4,0.23817299803098044,0.020178913830688674,3,0.3801869750022888,0.032959963848943806,3,0.14185139536857605,0.010903676668897246,3,0.3877195119857788,0.04105125391610445,3,0.46331780155499774,0.0532748043626391,3,0.03839396312832832,0.004942770895016698,3,0.15958233177661896,0.022538410329098816,3,0.2223253051439921,0.02889567582800232,3,0.5835983355840048,0.0735127832122688,3,0.7239483197530111,0.07281872140832218,3,0.0782232607404391,0.012140297226920957,3,0.29283960660298664,0.05713942361156445,3
saits_era5_concat,,medium,0.6,0.29408204555511475,0.008724080164536812,3,0.4356786012649536,0.01577133819835632,3,0.1932947188615799,0.016286725723242114,3,0.4922818640867869,0.02945194172958358,3,0.5027913153171539,0.023550233555602748,3,0.07361337294181187,0.0033738648716993406,3,0.20842901865641275,0.018000407431993642,3,0.2792959014574687,0.013402096923530027,3,0.687128742535909,0.0426658289061282,3,0.7409422397613525,0.01693170369133848,3,0.1355558137098948,0.012940846454745504,3,0.3354702889919281,0.028044969056186097,3
saits_era5_concat,,short,0.2,0.1526044805844625,0.003930697898143783,3,0.25919639070828754,0.006183058042366293,3,0.07932883004347484,0.010854646866706745,3,0.191213125983874,0.005231437247300907,3,0.4116962154706319,0.030851186591729418,3,0.017364687596758206,0.003456327668287345,3,0.06341952830553055,0.002031311813153048,3,0.14306231339772543,0.02380062982347214,3,0.34619208176930744,0.012991729672270231,3,0.6328035394350687,0.03057092222374317,3,0.02854081802070141,0.004921255717416689,3,0.1453832040230433,0.004179722124545313,3
saits_era5_concat,,short,0.4,0.19425764183203378,0.013556419429324947,3,0.3061592976252238,0.016788556274628275,3,0.10283540189266205,0.0018630777184697267,3,0.3039616445700328,0.011566343204443323,3,0.42835748195648193,0.062392248677439116,3,0.02121454415222009,0.0015378042058455494,3,0.11491911361614864,0.004277423269821784,3,0.1606621394554774,0.003637873662809298,3,0.46477139989535016,0.017626874649202776,3,0.6595236857732137,0.07195502004123129,3,0.034518416970968246,0.0039036621997222366,3,0.211320827404658,0.011078743954177163,3
saits_era5_concat,,short,0.6,0.254107986887296,0.01979188243129333,3,0.3810068567593892,0.030016071152813666,3,0.1445922056833903,0.0034830406035936297,3,0.4157497485478719,0.015423168742106304,3,0.4970247447490692,0.09323914862939801,3,0.042581250270207725,0.008911142970950707,3,0.17059199512004852,0.006221087057124671,3,0.2059683452049891,0.002440517422038351,3,0.5928897857666016,0.018449798972332225,3,0.7554192543029785,0.13597392408987508,3,0.07109881316622098,0.013681908445396134,3,0.2796579698721568,0.012928623588454032,3
