config,run_name,pattern,rate,seed,mode,mae_T,rmse_T,mae_RH,rmse_RH,mae_wspd,rmse_wspd,mae_P,rmse_P,mae_q,rmse_q,mae_mean,rmse_mean
experiments/configs/round1/era5_direct_long_r20_s42.yaml,era5_direct_long_r20_s42,long,0.2,42,none,0.20581242442131042,0.2736485004425049,0.7073184251785278,0.9007782936096191,0.5123983025550842,0.8942798376083374,0.21423746645450592,0.3559892773628235,0.28807416558265686,0.419505774974823,0.38556814193725586,0.5688403844833374
experiments/configs/round1/era5_direct_long_r20_s42.yaml,era5_direct_long_r20_s42,long,0.2,42,mean_bias,0.20433710515499115,0.27205097675323486,0.6919001936912537,0.881886899471283,0.5115327835083008,0.8462157249450684,0.21617379784584045,0.35208019614219666,0.2776532471179962,0.3908376097679138,0.38031941652297974,0.5486142635345459
experiments/configs/round1/era5_direct_long_r20_s42.yaml,era5_direct_long_r20_s42,long,0.2,42,linear,0.2036563903093338,0.27039068937301636,0.6798093914985657,0.8328754305839539,0.5064549446105957,0.8467594385147095,0.21972046792507172,0.3512335419654846,0.2778972387313843,0.3908928334712982,0.37750768661499023,0.538430392742157
experiments/configs/round1/era5_direct_long_r20_s43.yaml,era5_direct_long_r20_s43,long,0.2,43,none,0.20633502304553986,0.27493512630462646,0.7080897688865662,0.90081787109375,0.5106398463249207,0.8924428820610046,0.21497753262519836,0.3568318784236908,0.28776514530181885,0.41793811321258545,0.385561466217041,0.5685931444168091
experiments/configs/round1/era5_direct_long_r20_s43.yaml,era5_direct_long_r20_s43,long,0.2,43,mean_bias,0.20443563163280487,0.27294719219207764,0.6921833753585815,0.8813884854316711,0.5096611380577087,0.8445955514907837,0.2170063555240631,0.35298097133636475,0.2768767774105072,0.38921236991882324,0.38003265857696533,0.548224925994873
experiments/configs/round1/era5_direct_long_r20_s43.yaml,era5_direct_long_r20_s43,long,0.2,43,linear,0.20379109680652618,0.27125516533851624,0.6787064075469971,0.8315221071243286,0.5047008991241455,0.8453166484832764,0.22053276002407074,0.3521735668182373,0.2771136164665222,0.38926631212234497,0.37696895003318787,0.5379067659378052
experiments/configs/round1/era5_direct_long_r20_s44.yaml,era5_direct_long_r20_s44,long,0.2,44,none,0.20514921844005585,0.27300921082496643,0.7093063592910767,0.9023690819740295,0.5070893168449402,0.8814817667007446,0.21569548547267914,0.35727253556251526,0.2878274619579315,0.41743233799934387,0.38501355051994324,0.5663129687309265
experiments/configs/round1/era5_direct_long_r20_s44.yaml,era5_direct_long_r20_s44,long,0.2,44,mean_bias,0.20355170965194702,0.27096834778785706,0.6926171183586121,0.8820316195487976,0.5065338015556335,0.8342951536178589,0.21760424971580505,0.35349950194358826,0.27648863196372986,0.38867345452308655,0.3793591260910034,0.5458935499191284
experiments/configs/round1/era5_direct_long_r20_s44.yaml,era5_direct_long_r20_s44,long,0.2,44,linear,0.2029055804014206,0.26948443055152893,0.6786492466926575,0.8315445184707642,0.501973569393158,0.8348087072372437,0.22111789882183075,0.3527023196220398,0.2767111659049988,0.3887106478214264,0.376271516084671,0.5354501008987427
experiments/configs/round1/era5_direct_long_r40_s42.yaml,era5_direct_long_r40_s42,long,0.4,42,none,0.20552510023117065,0.2724814713001251,0.7093773484230042,0.9019393920898438,0.5160513520240784,0.8948028087615967,0.21927988529205322,0.3606930077075958,0.28845304250717163,0.41857829689979553,0.38773733377456665,0.5696989893913269
experiments/configs/round1/era5_direct_long_r40_s42.yaml,era5_direct_long_r40_s42,long,0.4,42,mean_bias,0.20361118018627167,0.27011919021606445,0.6930392980575562,0.8824113607406616,0.5126602053642273,0.8451069593429565,0.22151519358158112,0.3566604256629944,0.2766595780849457,0.389291912317276,0.3814970850944519,0.5487179756164551
experiments/configs/round1/era5_direct_long_r40_s42.yaml,era5_direct_long_r40_s42,long,0.4,42,linear,0.2028568685054779,0.26852133870124817,0.6801770329475403,0.8330732583999634,0.5079574584960938,0.8463731408119202,0.2251114547252655,0.35594847798347473,0.2768843173980713,0.3893163502216339,0.3785974383354187,0.5386465191841125
experiments/configs/round1/era5_direct_long_r40_s43.yaml,era5_direct_long_r40_s43,long,0.4,43,none,0.2055255025625229,0.27255016565322876,0.7091755270957947,0.9018157124519348,0.5137894153594971,0.893161952495575,0.21951967477798462,0.36081331968307495,0.28884270787239075,0.41884738206863403,0.3873705267906189,0.5694377422332764
experiments/configs/round1/era5_direct_long_r40_s43.yaml,era5_direct_long_r40_s43,long,0.4,43,mean_bias,0.20333819091320038,0.269862562417984,0.6927381157875061,0.8820391297340393,0.5117118954658508,0.8444468975067139,0.22160129249095917,0.3566601574420929,0.27681946754455566,0.3889562487602234,0.3812417984008789,0.5483930110931396
experiments/configs/round1/era5_direct_long_r40_s43.yaml,era5_direct_long_r40_s43,long,0.4,43,linear,0.20249755680561066,0.2681504487991333,0.6798063516616821,0.8323739171028137,0.5071538090705872,0.8457539677619934,0.22522218525409698,0.35596799850463867,0.27704161405563354,0.3889886438846588,0.37834432721138,0.5382469892501831
experiments/configs/round1/era5_direct_long_r40_s44.yaml,era5_direct_long_r40_s44,long,0.4,44,none,0.20528675615787506,0.2723240554332733,0.7117428779602051,0.9041591286659241,0.5132263898849487,0.890354335308075,0.21916230022907257,0.36011943221092224,0.28816190361976624,0.41736900806427,0.3875160813331604,0.568865180015564
experiments/configs/round1/era5_direct_long_r40_s44.yaml,era5_direct_long_r40_s44,long,0.4,44,mean_bias,0.20353467762470245,0.26985636353492737,0.6949639320373535,0.8842967748641968,0.5112990140914917,0.8416863083839417,0.2213364839553833,0.35595133900642395,0.2763415277004242,0.3879932761192322,0.3814951479434967,0.5479568243026733
experiments/configs/round1/era5_direct_long_r40_s44.yaml,era5_direct_long_r40_s44,long,0.4,44,linear,0.20276279747486115,0.26820117235183716,0.6802220940589905,0.8332417011260986,0.5068337321281433,0.8429027795791626,0.22497622668743134,0.3552732765674591,0.2765612304210663,0.3880217373371124,0.378271222114563,0.5375281572341919
experiments/configs/round1/era5_direct_long_r60_s42.yaml,era5_direct_long_r60_s42,long,0.6,42,none,0.20556093752384186,0.2735263407230377,0.7113921046257019,0.9041438698768616,0.5100128054618835,0.8809678554534912,0.21740283071994781,0.35749760270118713,0.2881201505661011,0.41777151823043823,0.38649776577949524,0.5667814612388611
experiments/configs/round1/era5_direct_long_r60_s42.yaml,era5_direct_long_r60_s42,long,0.6,42,mean_bias,0.20419692993164062,0.27172061800956726,0.6941397786140442,0.8832030892372131,0.506950318813324,0.8323617577552795,0.21980202198028564,0.35332226753234863,0.27619802951812744,0.3882560133934021,0.38025742769241333,0.5457727313041687
experiments/configs/round1/era5_direct_long_r60_s42.yaml,era5_direct_long_r60_s42,long,0.6,42,linear,0.2036421298980713,0.27042800188064575,0.6806919574737549,0.8330544829368591,0.5027813911437988,0.8333956003189087,0.22369930148124695,0.3528149127960205,0.2764205038547516,0.38827866315841675,0.37744706869125366,0.5355943441390991
experiments/configs/round1/era5_direct_long_r60_s43.yaml,era5_direct_long_r60_s43,long,0.6,43,none,0.20554041862487793,0.27363109588623047,0.7125309109687805,0.9050543904304504,0.50944584608078,0.8812807202339172,0.21709832549095154,0.35719236731529236,0.2873869240283966,0.4157105088233948,0.3864004909992218,0.5665737986564636
experiments/configs/round1/era5_direct_long_r60_s43.yaml,era5_direct_long_r60_s43,long,0.6,43,mean_bias,0.2040148377418518,0.2715938091278076,0.6951411366462708,0.884185791015625,0.5074697732925415,0.8332610130310059,0.21946486830711365,0.35296592116355896,0.27554962038993835,0.3862074017524719,0.38032805919647217,0.5456427335739136
experiments/configs/round1/era5_direct_long_r60_s43.yaml,era5_direct_long_r60_s43,long,0.6,43,linear,0.2034333050251007,0.27027684450149536,0.6813909411430359,0.8338867425918579,0.5031985640525818,0.8343342542648315,0.2233538031578064,0.35245370864868164,0.27577200531959534,0.38623446226119995,0.377429723739624,0.5354372262954712
experiments/configs/round1/era5_direct_long_r60_s44.yaml,era5_direct_long_r60_s44,long,0.6,44,none,0.205984964966774,0.27408725023269653,0.7128833532333374,0.9054925441741943,0.5115318298339844,0.882617175579071,0.21723303198814392,0.35699206590652466,0.2883879244327545,0.41666319966316223,0.38720422983169556,0.5671704411506653
experiments/configs/round1/era5_direct_long_r60_s44.yaml,era5_direct_long_r60_s44,long,0.6,44,mean_bias,0.2045087218284607,0.2720153331756592,0.6954888105392456,0.8846973180770874,0.5088385939598083,0.8342035412788391,0.21955955028533936,0.35280799865722656,0.27592507004737854,0.38671445846557617,0.3808641731739044,0.5460877418518066
experiments/configs/round1/era5_direct_long_r60_s44.yaml,era5_direct_long_r60_s44,long,0.6,44,linear,0.20399892330169678,0.2708243727684021,0.6817799806594849,0.834431529045105,0.5043849349021912,0.8351266980171204,0.22342616319656372,0.35229262709617615,0.27614736557006836,0.3867407441139221,0.37794747948646545,0.5358831882476807
experiments/configs/round1/era5_direct_medium_r20_s42.yaml,era5_direct_medium_r20_s42,medium,0.2,42,none,0.2074248492717743,0.27558454871177673,0.7133198380470276,0.9049036502838135,0.5225266218185425,0.9062432050704956,0.2196691483259201,0.36034560203552246,0.2850012183189392,0.41299548745155334,0.389588326215744,0.5720144510269165
experiments/configs/round1/era5_direct_medium_r20_s42.yaml,era5_direct_medium_r20_s42,medium,0.2,42,mean_bias,0.20522144436836243,0.27284035086631775,0.6958862543106079,0.8844366669654846,0.5181003212928772,0.8556765913963318,0.2216631919145584,0.356186181306839,0.27470147609710693,0.3849346339702606,0.3831145167350769,0.5508148670196533
experiments/configs/round1/era5_direct_medium_r20_s42.yaml,era5_direct_medium_r20_s42,medium,0.2,42,linear,0.20438672602176666,0.2711081802845001,0.6837342381477356,0.8356766700744629,0.512611985206604,0.856332004070282,0.22528713941574097,0.3555264174938202,0.2749383747577667,0.3849729001522064,0.38019171357154846,0.5407232046127319
experiments/configs/round1/era5_direct_medium_r20_s43.yaml,era5_direct_medium_r20_s43,medium,0.2,43,none,0.20722925662994385,0.2757774889469147,0.7112177014350891,0.9034133553504944,0.5191440582275391,0.9091999530792236,0.21959978342056274,0.3601720631122589,0.28515297174453735,0.4140918552875519,0.38846874237060547,0.5725309252738953
experiments/configs/round1/era5_direct_medium_r20_s43.yaml,era5_direct_medium_r20_s43,medium,0.2,43,mean_bias,0.2046852856874466,0.27299147844314575,0.6945601105690002,0.8833987712860107,0.5154740214347839,0.8595377206802368,0.22141483426094055,0.355752170085907,0.27477777004241943,0.3854672312736511,0.38218241930007935,0.5514295101165771
experiments/configs/round1/era5_direct_medium_r20_s43.yaml,era5_direct_medium_r20_s43,medium,0.2,43,linear,0.20367920398712158,0.2709902226924896,0.6805440187454224,0.8326035737991333,0.5104321241378784,0.8602266311645508,0.22502487897872925,0.3550763428211212,0.27501121163368225,0.38551539182662964,0.3789382874965668,0.540882408618927
experiments/configs/round1/era5_direct_medium_r20_s44.yaml,era5_direct_medium_r20_s44,medium,0.2,44,none,0.20638374984264374,0.2752023935317993,0.71182781457901,0.9046307802200317,0.5152632594108582,0.8949761986732483,0.21775957942008972,0.3572821617126465,0.2860725224018097,0.4145999550819397,0.3874613642692566,0.5693382620811462
experiments/configs/round1/era5_direct_medium_r20_s44.yaml,era5_direct_medium_r20_s44,medium,0.2,44,mean_bias,0.2043810784816742,0.272607684135437,0.6963183879852295,0.8852540254592896,0.5112515091896057,0.8451648354530334,0.21988297998905182,0.3531701862812042,0.2743859887123108,0.38520875573158264,0.3812440037727356,0.5482810735702515
experiments/configs/round1/era5_direct_medium_r20_s44.yaml,era5_direct_medium_r20_s44,medium,0.2,44,linear,0.20371869206428528,0.27103307843208313,0.681743323802948,0.8343597054481506,0.5069865584373474,0.8461436629295349,0.22354502975940704,0.35256361961364746,0.274615079164505,0.38525810837745667,0.3781217634677887,0.5378716588020325
experiments/configs/round1/era5_direct_medium_r40_s42.yaml,era5_direct_medium_r40_s42,medium,0.4,42,none,0.20621925592422485,0.2744765877723694,0.7100543975830078,0.9017640948295593,0.5156374573707581,0.891572892665863,0.2180486023426056,0.35863542556762695,0.28763338923454285,0.41618770360946655,0.38751858472824097,0.568527340888977
experiments/configs/round1/era5_direct_medium_r40_s42.yaml,era5_direct_medium_r40_s42,medium,0.4,42,mean_bias,0.20431271195411682,0.27208173274993896,0.6928089261054993,0.8807647228240967,0.5108394622802734,0.8417527675628662,0.220286026597023,0.35437485575675964,0.27569153904914856,0.3864709734916687,0.38078773021698,0.5470889806747437
experiments/configs/round1/era5_direct_medium_r40_s42.yaml,era5_direct_medium_r40_s42,medium,0.4,42,linear,0.2036820948123932,0.2705930471420288,0.6783910989761353,0.8303507566452026,0.5069477558135986,0.8432355523109436,0.22407619655132294,0.3537949323654175,0.2759245038032532,0.38651302456855774,0.37780433893203735,0.5368974804878235
experiments/configs/round1/era5_direct_medium_r40_s43.yaml,era5_direct_medium_r40_s43,medium,0.4,43,none,0.20565029978752136,0.27404770255088806,0.7092691659927368,0.9013902544975281,0.5129314064979553,0.8943240642547607,0.21761557459831238,0.3579302728176117,0.28718283772468567,0.41602623462677,0.3865298628807068,0.5687437057495117
experiments/configs/round1/era5_direct_medium_r40_s43.yaml,era5_direct_medium_r40_s43,medium,0.4,43,mean_bias,0.20355954766273499,0.27166780829429626,0.6919446587562561,0.8807508945465088,0.5094676613807678,0.8455294370651245,0.21971414983272552,0.3535970449447632,0.27618980407714844,0.3865196704864502,0.3801751732826233,0.5476129651069641
experiments/configs/round1/era5_direct_medium_r40_s43.yaml,era5_direct_medium_r40_s43,medium,0.4,43,linear,0.20283207297325134,0.27003172039985657,0.6785076856613159,0.8306970596313477,0.5051975846290588,0.846790611743927,0.22356653213500977,0.35306215286254883,0.27642059326171875,0.3865649998188019,0.37730488181114197,0.5374292731285095
experiments/configs/round1/era5_direct_medium_r40_s44.yaml,era5_direct_medium_r40_s44,medium,0.4,44,none,0.2056444138288498,0.2731454372406006,0.7094380259513855,0.9009851813316345,0.5133114457130432,0.8901820778846741,0.21751008927822113,0.3574342727661133,0.28830474615097046,0.4167982041835785,0.386841744184494,0.5677090287208557
experiments/configs/round1/era5_direct_medium_r40_s44.yaml,era5_direct_medium_r40_s44,medium,0.4,44,mean_bias,0.20371821522712708,0.2706265151500702,0.6916738152503967,0.8800641894340515,0.5090475082397461,0.8407365083694458,0.21965119242668152,0.3532077670097351,0.2766726613044739,0.3872375786304474,0.3801526725292206,0.5463745594024658
experiments/configs/round1/era5_direct_medium_r40_s44.yaml,era5_direct_medium_r40_s44,medium,0.4,44,linear,0.20320247113704681,0.2692505717277527,0.6784117817878723,0.8303780555725098,0.505192220211029,0.8421755433082581,0.22348517179489136,0.35267218947410583,0.2769022285938263,0.3872785270214081,0.3774387836456299,0.5363509654998779
experiments/configs/round1/era5_direct_medium_r60_s42.yaml,era5_direct_medium_r60_s42,medium,0.6,42,none,0.2062108963727951,0.27444589138031006,0.7115539312362671,0.9037364721298218,0.5142068266868591,0.888334333896637,0.21826785802841187,0.35820701718330383,0.28773653507232666,0.4171285331249237,0.3875952363014221,0.5683704614639282
experiments/configs/round1/era5_direct_medium_r60_s42.yaml,era5_direct_medium_r60_s42,medium,0.6,42,mean_bias,0.20453956723213196,0.2723280191421509,0.6946266293525696,0.8831236362457275,0.5093992948532104,0.8385060429573059,0.22082774341106415,0.3543226718902588,0.27541491389274597,0.3873208165168762,0.3809615969657898,0.547120213508606
experiments/configs/round1/era5_direct_medium_r60_s42.yaml,era5_direct_medium_r60_s42,medium,0.6,42,linear,0.20392745733261108,0.27105721831321716,0.68073970079422,0.8327431082725525,0.5050685405731201,0.8394550085067749,0.22455857694149017,0.35377997159957886,0.2756444811820984,0.3873501718044281,0.3779877722263336,0.5368770956993103
experiments/configs/round1/era5_direct_medium_r60_s43.yaml,era5_direct_medium_r60_s43,medium,0.6,43,none,0.20619040727615356,0.2743319571018219,0.7101101875305176,0.9024145007133484,0.5120818018913269,0.8868792653083801,0.21804116666316986,0.3580014705657959,0.28654175996780396,0.41551902890205383,0.3865930438041687,0.56742924451828
experiments/configs/round1/era5_direct_medium_r60_s43.yaml,era5_direct_medium_r60_s43,medium,0.6,43,mean_bias,0.20450147986412048,0.27224355936050415,0.6935911178588867,0.8824467658996582,0.5078732967376709,0.8378090858459473,0.22056151926517487,0.3540553152561188,0.27505290508270264,0.38612326979637146,0.3803160786628723,0.5465356111526489
experiments/configs/round1/era5_direct_medium_r60_s43.yaml,era5_direct_medium_r60_s43,medium,0.6,43,linear,0.203803151845932,0.2708829343318939,0.6811346411705017,0.8332245349884033,0.5034204125404358,0.8386738300323486,0.22428174316883087,0.3535121977329254,0.27528321743011475,0.38615697622299194,0.37758463621139526,0.5364900827407837
experiments/configs/round1/era5_direct_medium_r60_s44.yaml,era5_direct_medium_r60_s44,medium,0.6,44,none,0.2064518928527832,0.27439796924591064,0.710677444934845,0.9029690623283386,0.512273371219635,0.8847084045410156,0.2181764543056488,0.358059287071228,0.2870286703109741,0.4155714213848114,0.38692158460617065,0.5671412348747253
experiments/configs/round1/era5_direct_medium_r60_s44.yaml,era5_direct_medium_r60_s44,medium,0.6,44,mean_bias,0.20480692386627197,0.2722398340702057,0.693608283996582,0.882335364818573,0.5080456733703613,0.8355731964111328,0.220659077167511,0.35414570569992065,0.27479055523872375,0.3857806921005249,0.38038212060928345,0.5460149645805359
experiments/configs/round1/era5_direct_medium_r60_s44.yaml,era5_direct_medium_r60_s44,medium,0.6,44,linear,0.20418450236320496,0.2710058391094208,0.6805372834205627,0.8326375484466553,0.5038528442382812,0.8365440368652344,0.2244054079055786,0.3536079227924347,0.2750229239463806,0.38582009077072144,0.37760061025619507,0.5359230637550354
experiments/configs/round1/era5_direct_short_r20_s42.yaml,era5_direct_short_r20_s42,short,0.2,42,none,0.20724056661128998,0.27538031339645386,0.7080379128456116,0.8997607827186584,0.5202462673187256,0.9000810980796814,0.21709252893924713,0.3577466309070587,0.2855882942676544,0.41336214542388916,0.3876411020755768,0.5692662000656128
experiments/configs/round1/era5_direct_short_r20_s42.yaml,era5_direct_short_r20_s42,short,0.2,42,mean_bias,0.20514214038848877,0.2729991376399994,0.6910775899887085,0.8792877793312073,0.5141785740852356,0.8493790030479431,0.21964432299137115,0.35389643907546997,0.27429208159446716,0.3847859501838684,0.3808669447898865,0.5480696558952332
experiments/configs/round1/era5_direct_short_r20_s42.yaml,era5_direct_short_r20_s42,short,0.2,42,linear,0.20429079234600067,0.2714243531227112,0.6782318353652954,0.8303555250167847,0.5105980634689331,0.8512604236602783,0.22338709235191345,0.3532988429069519,0.27450335025787354,0.3847985863685608,0.37820225954055786,0.5382275581359863
experiments/configs/round1/era5_direct_short_r20_s43.yaml,era5_direct_short_r20_s43,short,0.2,43,none,0.20713211596012115,0.2764355540275574,0.7124597430229187,0.904144823551178,0.5159501433372498,0.8962463140487671,0.21867981553077698,0.359459787607193,0.2869395315647125,0.4153188467025757,0.3882322609424591,0.5703210830688477
experiments/configs/round1/era5_direct_short_r20_s43.yaml,era5_direct_short_r20_s43,short,0.2,43,mean_bias,0.20476794242858887,0.27379775047302246,0.6950547695159912,0.8832084536552429,0.5107177495956421,0.8458585143089294,0.22113913297653198,0.3554996848106384,0.27656611800193787,0.38763493299484253,0.3816491663455963,0.5491998791694641
experiments/configs/round1/era5_direct_short_r20_s43.yaml,era5_direct_short_r20_s43,short,0.2,43,linear,0.204254150390625,0.2726031243801117,0.6805295944213867,0.8324851393699646,0.5062946081161499,0.8471261858940125,0.22487567365169525,0.3549026846885681,0.2767755091190338,0.38764524459838867,0.3785459101200104,0.5389524698257446
experiments/configs/round1/era5_direct_short_r20_s44.yaml,era5_direct_short_r20_s44,short,0.2,44,none,0.20646075904369354,0.27447280287742615,0.7111049890518188,0.9032663106918335,0.5151161551475525,0.885530412197113,0.2190651148557663,0.3597981333732605,0.2866404354572296,0.4141005575656891,0.38767749071121216,0.5674336552619934
experiments/configs/round1/era5_direct_short_r20_s44.yaml,era5_direct_short_r20_s44,short,0.2,44,mean_bias,0.2044806033372879,0.2719695270061493,0.6940804123878479,0.8824338912963867,0.5103570818901062,0.83668452501297,0.22143791615962982,0.35584351420402527,0.27592912316322327,0.3861940801143646,0.3812570571899414,0.5466250777244568
experiments/configs/round1/era5_direct_short_r20_s44.yaml,era5_direct_short_r20_s44,short,0.2,44,linear,0.20395800471305847,0.270699143409729,0.6799915432929993,0.8319664597511292,0.5066283941268921,0.8376738429069519,0.22518715262413025,0.35524651408195496,0.27613893151283264,0.3862076997756958,0.37838083505630493,0.5363587141036987
experiments/configs/round1/era5_direct_short_r40_s42.yaml,era5_direct_short_r40_s42,short,0.4,42,none,0.20655712485313416,0.2749341130256653,0.7102004885673523,0.9023728370666504,0.5176301598548889,0.8950650095939636,0.21869157254695892,0.35860708355903625,0.2872793674468994,0.41659799218177795,0.3880717158317566,0.5695154070854187
experiments/configs/round1/era5_direct_short_r40_s42.yaml,era5_direct_short_r40_s42,short,0.4,42,mean_bias,0.20483796298503876,0.2727236747741699,0.6932172179222107,0.88200843334198,0.5124675631523132,0.844763457775116,0.22133640944957733,0.35496559739112854,0.2749357521533966,0.38645270466804504,0.38135895133018494,0.5481827855110168
experiments/configs/round1/era5_direct_short_r40_s42.yaml,era5_direct_short_r40_s42,short,0.4,42,linear,0.20417636632919312,0.27147939801216125,0.6800674200057983,0.8324101567268372,0.5087189078330994,0.8464915156364441,0.225046306848526,0.3543972074985504,0.2751633822917938,0.38648369908332825,0.3786344826221466,0.5382524132728577
experiments/configs/round1/era5_direct_short_r40_s43.yaml,era5_direct_short_r40_s43,short,0.4,43,none,0.2077900469303131,0.27703723311424255,0.7115897536277771,0.9032326340675354,0.5169782638549805,0.893699049949646,0.21840816736221313,0.3581584095954895,0.287076473236084,0.41602542996406555,0.38836854696273804,0.5696305632591248
experiments/configs/round1/era5_direct_short_r40_s43.yaml,era5_direct_short_r40_s43,short,0.4,43,mean_bias,0.20566080510616302,0.2746438980102539,0.6949570178985596,0.8828563094139099,0.5122345089912415,0.8434238433837891,0.2210218608379364,0.35452800989151,0.2755262851715088,0.3863813281059265,0.38188010454177856,0.5483666658401489
experiments/configs/round1/era5_direct_short_r40_s43.yaml,era5_direct_short_r40_s43,short,0.4,43,linear,0.20513324439525604,0.2735312283039093,0.6816263198852539,0.8331552147865295,0.5078513026237488,0.8445274233818054,0.22472557425498962,0.3539731800556183,0.2757536768913269,0.3864113688468933,0.37901803851127625,0.5383197069168091
experiments/configs/round1/era5_direct_short_r40_s44.yaml,era5_direct_short_r40_s44,short,0.4,44,none,0.2068670094013214,0.27446791529655457,0.7115952372550964,0.9039002060890198,0.5162590742111206,0.8855715990066528,0.2188006490468979,0.35873788595199585,0.28672900795936584,0.415827214717865,0.3880501985549927,0.567700982093811
experiments/configs/round1/era5_direct_short_r40_s44.yaml,era5_direct_short_r40_s44,short,0.4,44,mean_bias,0.20511777698993683,0.272157222032547,0.6952003836631775,0.8836255669593811,0.5112191438674927,0.8358650803565979,0.22137348353862762,0.35508355498313904,0.2747576832771301,0.3859844207763672,0.381533682346344,0.5465431213378906
experiments/configs/round1/era5_direct_short_r40_s44.yaml,era5_direct_short_r40_s44,short,0.4,44,linear,0.20459668338298798,0.27100276947021484,0.6820467710494995,0.8341752290725708,0.5070623755455017,0.8365229964256287,0.2251022756099701,0.3545229434967041,0.274987131357193,0.38601917028427124,0.37875908613204956,0.53644859790802
experiments/configs/round1/era5_direct_short_r60_s42.yaml,era5_direct_short_r60_s42,short,0.6,42,none,0.2064935714006424,0.2743205428123474,0.7106417417526245,0.9022282958030701,0.5176308155059814,0.8950380086898804,0.2194368541240692,0.35957232117652893,0.28754445910453796,0.41675546765327454,0.3883494734764099,0.5695829391479492
experiments/configs/round1/era5_direct_short_r60_s42.yaml,era5_direct_short_r60_s42,short,0.6,42,mean_bias,0.2046995759010315,0.2720223367214203,0.6943653225898743,0.8827745318412781,0.5129021406173706,0.8448456525802612,0.22223325073719025,0.35596609115600586,0.2749061584472656,0.38634663820266724,0.38182130455970764,0.5483910441398621
experiments/configs/round1/era5_direct_short_r60_s42.yaml,era5_direct_short_r60_s42,short,0.6,42,linear,0.20408469438552856,0.2708630859851837,0.6813473105430603,0.8336060047149658,0.5088086724281311,0.8462598323822021,0.22593067586421967,0.35539594292640686,0.2751389741897583,0.3863861858844757,0.37906208634376526,0.5385022163391113
experiments/configs/round1/era5_direct_short_r60_s43.yaml,era5_direct_short_r60_s43,short,0.6,43,none,0.20667652785778046,0.2746976315975189,0.7110044956207275,0.9025322198867798,0.51671302318573,0.8923523426055908,0.21938110888004303,0.3596270978450775,0.28745368123054504,0.4162043035030365,0.38824576139450073,0.5690826773643494
experiments/configs/round1/era5_direct_short_r60_s43.yaml,era5_direct_short_r60_s43,short,0.6,43,mean_bias,0.204706072807312,0.2723488509654999,0.694888174533844,0.8831669688224792,0.5120595693588257,0.8424742817878723,0.22212840616703033,0.35598307847976685,0.2753942310810089,0.3860011696815491,0.38183528184890747,0.54799485206604
experiments/configs/round1/era5_direct_short_r60_s43.yaml,era5_direct_short_r60_s43,short,0.6,43,linear,0.20405253767967224,0.2711356282234192,0.6812058687210083,0.833287239074707,0.5079420208930969,0.8434667587280273,0.22581574320793152,0.35541221499443054,0.27562856674194336,0.3860427439212799,0.3789289593696594,0.5378689169883728
experiments/configs/round1/era5_direct_short_r60_s44.yaml,era5_direct_short_r60_s44,short,0.6,44,none,0.20664852857589722,0.27409353852272034,0.7105728387832642,0.902206301689148,0.5169287323951721,0.8891099691390991,0.2195952981710434,0.3597952127456665,0.28713086247444153,0.41601672768592834,0.38817527890205383,0.5682443380355835
experiments/configs/round1/era5_direct_short_r60_s44.yaml,era5_direct_short_r60_s44,short,0.6,44,mean_bias,0.20482702553272247,0.2718084752559662,0.6942787766456604,0.8822953104972839,0.5119878053665161,0.8391718864440918,0.22230130434036255,0.35612666606903076,0.27483686804771423,0.3857160210609436,0.3816463351249695,0.5470236539840698
experiments/configs/round1/era5_direct_short_r60_s44.yaml,era5_direct_short_r60_s44,short,0.6,44,linear,0.20417067408561707,0.2705655097961426,0.6809232234954834,0.8329980373382568,0.5079809427261353,0.8401280045509338,0.22600312530994415,0.3555559813976288,0.2750698924064636,0.3857539892196655,0.37882956862449646,0.537000298500061
